CustomerID,Recency,Frequency,Monetary,Tenure,AOV,Cluster
12346,326,1,77183.6,1,77183.6,0
12347,2,7,4310.0,366,615.7142857142857,3
12348,75,4,1437.24,283,359.31,2
12349,19,1,1457.55,1,1457.55,0
12350,310,1,294.4,1,294.4,0
12352,36,7,1385.74,261,197.96285714285713,2
12353,204,1,89.0,1,89.0,1
12354,232,1,1079.4,1,1079.4,0
12355,214,1,459.4,1,459.4,0
12356,23,3,2487.43,303,829.1433333333333,3
12357,33,1,6207.67,1,6207.67,0
12358,2,2,928.0600000000001,150,464.03000000000003,2
12359,58,4,6372.58,275,1593.145,3
12360,52,3,2302.06,149,767.3533333333334,2
12361,287,1,174.9,1,174.9,1
12362,3,10,4737.23,293,473.72299999999996,3
12363,110,2,552.0,133,276.0,2
12364,8,4,1208.1,105,302.025,2
12365,291,1,320.69,1,320.69,0
12367,4,1,150.9,1,150.9,1
12370,51,4,3425.69,310,856.4225,3
12371,60,1,1527.96,1,1527.96,0
12372,72,3,1196.04,225,398.68,2
12373,311,1,324.6,1,324.6,0
12374,25,1,622.93,1,622.93,0
12375,11,2,377.5,88,188.75,2
12377,315,2,1548.12,40,774.06,0
12378,130,1,4008.62,1,4008.62,0
12379,82,2,777.24,89,388.62,2
12380,22,4,2427.81,165,606.9525,3
12381,5,3,1474.81,116,491.6033333333333,3
12383,185,5,1628.56,168,325.712,2
12384,29,2,425.27000000000004,93,212.63500000000002,2
12386,338,2,401.9,30,200.95,1
12388,16,6,2780.66,312,463.4433333333333,3
12390,80,1,504.84000000000003,1,504.84000000000003,0
12391,22,1,460.89,1,460.89,0
12393,72,4,1582.6000000000001,261,395.65000000000003,2
12394,64,2,1080.48,154,540.24,2
12395,19,12,2682.63,352,223.5525,3
12397,36,2,2214.9,100,1107.45,2
12398,46,1,1435.66,1,1435.66,0
12399,119,4,1033.65,143,258.4125,2
12401,303,1,69.3,1,69.3,1
12402,323,1,195.6,1,195.6,1
12403,50,1,391.7,1,391.7,0
12405,149,1,1390.39,1,1390.39,0
12406,22,2,3415.3,162,1707.65,3
12407,50,5,1507.1200000000001,215,301.42400000000004,2
12408,33,5,2618.55,228,523.71,3
12409,79,3,11072.67,104,3690.89,3
12410,309,2,533.33,1,266.665,0
12412,75,3,1142.88,95,380.96000000000004,2
12413,67,3,686.1,271,228.70000000000002,2
12414,217,3,442.41,94,147.47,2
12415,24,20,124564.53,314,6228.2265,3
12417,3,9,3226.1,355,358.4555555555555,3
12418,113,1,668.58,1,668.58,0
12420,64,1,600.39,1,600.39,0
12421,16,4,639.04,304,159.76,2
12422,96,3,683.5600000000001,230,227.85333333333335,2
12423,1,8,1634.31,353,204.28875,3
12424,163,2,1760.96,1,880.48,0
12425,78,1,777.2,1,777.2,0
12426,195,1,510.73,1,510.73,0
12427,22,3,699.8,350,233.26666666666665,2
12428,26,8,6405.26,258,800.6575,3
12429,9,4,3388.4,357,847.1,3
12430,43,1,216.4,1,216.4,1
12431,36,15,6382.45,339,425.49666666666667,3
12432,43,4,4359.32,130,1089.83,3
12433,1,7,13375.87,373,1910.8385714285716,3
12434,85,2,806.14,176,403.07,2
12435,80,2,7829.89,189,3914.945,3
12436,100,1,429.01000000000005,1,429.01000000000005,0
12437,2,18,4447.41,330,247.07833333333332,3
12438,14,2,2466.85,126,1233.425,3
12441,367,1,155.55,1,155.55,1
12442,3,1,144.06,1,144.06,1
12444,21,5,4085.46,150,817.092,3
12445,22,1,77.4,1,77.4,1
12446,58,1,1002.3100000000001,1,1002.3100000000001,0
12447,243,1,431.49,1,431.49,0
12448,44,1,365.45,1,365.45,0
12449,22,4,3596.29,165,899.0725,3
12450,156,2,197.88,18,98.94,1
12451,11,5,8995.52,314,1799.104,3
12452,17,1,348.57,1,348.57,0
12453,134,1,707.09,1,707.09,0
12454,56,1,3528.34,1,3528.34,0
12455,73,5,2339.86,224,467.97200000000004,2
12456,44,3,2581.04,211,860.3466666666667,2
12457,66,6,2043.23,173,340.53833333333336,2
12458,71,2,787.4,214,393.7,2
12461,155,1,626.88,1,626.88,0
12462,19,2,937.59,285,468.795,2
12463,53,4,1200.78,189,300.195,2
12464,10,8,957.05,300,119.63125,2
12465,17,2,682.1899999999999,153,341.09499999999997,2
12468,188,2,657.54,129,328.77,2
12471,2,27,17424.05,363,645.3351851851852,3
12472,32,7,6068.11,337,866.8728571428571,3
12473,54,3,2596.23,139,865.41,2
12474,17,18,6745.79,313,374.7661111111111,3
12475,54,1,669.38,1,669.38,0
12476,16,11,5898.42,346,536.22,3
12477,23,6,13219.74,279,2203.29,3
12478,4,1,545.99,1,545.99,0
12479,11,1,473.2,1,473.2,0
12480,28,4,2885.63,308,721.4075,3
12481,23,10,5020.32,343,502.032,3
12483,17,8,1910.98,323,238.8725,3
12484,35,4,3953.72,302,988.43,3
12488,10,3,1244.66,66,414.8866666666667,2
12489,336,1,298.93,1,298.93,0
12490,5,10,4859.93,325,485.99300000000005,3
12491,39,1,424.40000000000003,1,424.40000000000003,0
12492,63,2,227.21,43,113.605,1
12493,166,2,415.74,32,207.87,2
12494,16,7,1084.1000000000001,350,154.8714285714286,2
12497,82,1,953.1,1,953.1,0
12498,21,3,349.70000000000005,37,116.56666666666668,2
12500,23,11,4059.82,311,369.07454545454544,3
12501,337,1,2025.39,1,2025.39,0
12502,96,5,2995.87,215,599.174,2
12504,18,2,428.04999999999995,13,214.02499999999998,2
12506,233,1,73.5,1,73.5,1
12507,134,3,1052.81,165,350.93666666666667,2
12508,26,2,398.27,3,199.135,1
12509,284,1,158.5,1,158.5,1
12510,143,2,814.5699999999999,183,407.28499999999997,2
12512,66,2,138.03,1,69.015,1
12513,113,1,558.29,1,558.29,0
12514,267,1,1017.68,1,1017.68,0
12515,353,1,278.7,1,278.7,0
12516,78,2,1186.06,103,593.03,2
12517,28,4,2322.84,162,580.71,3
12518,1,5,1840.89,110,368.178,3
12519,64,1,286.84,1,286.84,0
12520,79,5,2346.2599999999998,195,469.25199999999995,2
12521,143,1,545.68,1,545.68,0
12522,39,2,156.72,13,78.36,1
12523,19,11,1699.77,313,154.52454545454546,3
12524,9,8,3945.72,325,493.215,3
12526,1,3,1172.66,94,390.8866666666667,3
12527,82,3,330.71000000000004,244,110.23666666666668,2
12528,9,6,1645.48,304,274.24666666666667,3
12530,60,4,1500.28,278,375.07,2
12531,15,1,125.22,1,125.22,1
12532,30,1,313.83000000000004,1,313.83000000000004,0
12534,131,1,981.18,1,981.18,0
12535,92,2,716.35,95,358.175,2
12536,59,1,4279.71,1,4279.71,0
12538,29,1,363.95,1,363.95,0
12539,22,4,5568.35,312,1392.0875,3
12540,20,17,11580.24,343,681.1905882352941,3
12541,30,3,841.18,252,280.3933333333333,2
12544,36,1,316.7,1,316.7,0
12545,75,2,832.39,185,416.195,2
12546,47,2,1021.5,32,510.75,2
12547,198,2,151.79999999999998,83,75.89999999999999,1
12548,166,1,67.19999999999999,1,67.19999999999999,1
12550,79,1,824.83,1,824.83,0
12551,358,1,168.0,1,168.0,1
12552,40,1,317.82,1,317.82,0
12553,8,10,3278.28,322,327.82800000000003,3
12556,50,2,603.71,101,301.855,2
12557,16,5,11990.960000000001,356,2398.192,3
12558,8,1,269.96,1,269.96,0
12559,311,2,525.71,9,262.855,0
12560,5,2,1918.01,138,959.005,3
12561,303,1,238.85,1,238.85,1
12562,8,7,3385.7400000000002,191,483.6771428571429,3
12564,261,1,402.9,1,402.9,0
12565,289,1,145.92,1,145.92,1
12566,86,1,297.65,1,297.65,0
12567,23,10,8609.28,347,860.9280000000001,3
12569,2,32,3152.69,251,98.5215625,3
12571,40,2,519.61,82,259.805,2
12572,9,2,912.42,44,456.21,2
12573,227,1,160.54000000000002,1,160.54000000000002,1
12574,316,1,182.45000000000002,1,182.45000000000002,1
12576,36,5,1315.83,269,263.166,2
12577,35,3,653.85,324,217.95000000000002,2
12578,21,2,2402.51,309,1201.255,3
12579,78,1,386.42,1,386.42,0
12580,247,1,379.7,1,379.7,0
12581,40,1,179.71,1,179.71,1
12582,239,2,351.36,50,175.68,2
12583,3,15,6705.38,371,447.0253333333333,3
12584,4,9,2254.15,277,250.4611111111111,3
12585,234,2,1824.1,118,912.05,2
12586,17,1,196.94000000000003,1,196.94000000000003,1
12587,8,1,104.0,1,104.0,1
12588,39,1,174.89999999999998,1,174.89999999999998,1
12589,29,2,574.68,116,287.34,2
12590,211,1,9341.26,1,9341.26,0
12591,317,1,368.85,1,368.85,0
12592,92,2,401.6,122,200.8,2
12593,109,3,382.09999999999997,111,127.36666666666666,2
12594,38,9,3208.2200000000003,286,356.4688888888889,3
12596,51,2,450.27,191,225.135,2
12597,19,4,3195.22,249,798.805,3
12598,10,7,2807.08,276,401.01142857142855,3
12599,29,7,888.58,276,126.94000000000001,2
12600,29,10,2311.04,343,231.10399999999998,3
12601,190,5,487.06,143,97.412,2
12602,59,1,153.12,1,153.12,1
12603,22,1,613.1999999999999,1,613.1999999999999,0
12604,79,2,236.18,183,118.09,2
12607,60,1,1579.51,1,1579.51,0
12609,78,3,964.85,241,321.6166666666667,2
12610,23,4,1747.54,104,436.885,2
12611,52,1,1193.32,1,1193.32,0
12612,74,1,668.0400000000001,1,668.0400000000001,0
12613,57,4,3092.38,205,773.095,3
12614,278,1,315.6,1,315.6,0
12615,2,4,2093.19,167,523.2975,3
12616,95,2,641.3,203,320.65,2
12617,29,1,355.53,1,355.53,0
12618,22,1,137.31,1,137.31,1
12619,16,8,2945.56,238,368.195,3
12620,15,3,1303.41,190,434.47,2
12621,2,20,12411.67,365,620.5835,3
12622,232,1,162.1,1,162.1,1
12623,276,1,269.1,1,269.1,0
12624,106,2,569.13,72,284.565,2
12625,212,2,2413.82,108,1206.91,2
12626,23,9,5954.48,304,661.6088888888888,3
12627,11,6,4082.53,130,680.4216666666667,3
12628,4,3,732.46,61,244.15333333333334,2
12630,10,2,1030.88,35,515.44,2
12631,57,1,480.5,1,480.5,0
12633,59,4,1929.98,230,482.495,2
12635,90,2,1509.18,66,754.59,2
12637,67,8,5823.9,257,727.9875,3
12638,33,1,511.69,1,511.69,0
12639,239,1,366.1,1,366.1,0
12640,24,3,994.58,58,331.5266666666667,2
12641,115,1,145.9,1,145.9,1
12642,25,3,905.26,83,301.75333333333333,2
12643,128,6,3041.64,205,506.94,2
12644,130,1,477.91,1,477.91,0
12645,34,4,1631.18,283,407.795,2
12646,5,2,1346.97,45,673.485,2
12647,22,12,3146.82,347,262.235,3
12648,155,1,300.05,1,300.05,0
12649,107,3,569.51,106,189.83666666666667,2
12650,3,1,242.44000000000003,1,242.44000000000003,0
12651,335,1,114.0,1,114.0,1
12652,331,1,793.98,1,793.98,0
12653,149,2,2209.85,148,1104.925,2
12654,11,5,529.98,285,105.99600000000001,2
12656,17,5,3619.17,217,723.8340000000001,3
12657,11,4,1427.18,68,356.795,2
12658,19,1,632.05,1,632.05,0
12659,30,1,73.68,1,73.68,1
12660,11,1,227.1,1,227.1,1
12662,1,11,3543.78,373,322.1618181818182,3
12664,8,9,4391.88,315,487.9866666666667,3
12665,325,1,45.0,1,45.0,1
12667,58,1,460.13,1,460.13,0
12668,12,4,3177.15,344,794.2875,3
12669,151,2,1427.73,106,713.865,2
12670,10,5,2744.05,223,548.8100000000001,3
12672,330,1,225.89999999999998,1,225.89999999999998,1
12673,5,2,574.52,322,287.26,2
12674,39,4,1844.6,170,461.15,2
12676,25,6,1091.39,287,181.89833333333334,2
12678,42,10,16481.46,312,1648.146,3
12679,59,4,951.02,226,237.755,2
12680,1,4,790.81,113,197.7025,3
12681,15,22,12365.54,354,562.07,3
12682,4,31,11028.22,368,355.7490322580645,3
12683,4,14,7612.57,362,543.755,3
12684,8,6,2073.63,206,345.605,3
12685,28,6,2575.08,66,429.18,3
12686,372,1,71.14,1,71.14,1
12688,114,1,4873.8099999999995,1,4873.8099999999995,0
12689,26,2,1139.61,102,569.805,2
12690,206,1,335.01,1,335.01,0
12691,28,5,927.8,330,185.56,2
12693,127,4,711.91,193,177.9775,2
12694,70,2,761.67,113,380.835,2
12695,7,4,582.1,204,145.525,2
12697,29,3,757.59,141,252.53,2
12700,8,4,4525.99,208,1131.4975,3
12701,80,2,725.71,163,362.855,2
12702,20,1,201.0,1,201.0,1
12703,71,1,265.55,1,265.55,0
12704,7,8,1740.84,163,217.605,3
12705,15,8,6382.29,342,797.78625,3
12707,292,1,603.42,1,603.42,0
12708,30,10,2442.91,339,244.291,3
12709,15,15,9430.52,352,628.7013333333333,3
12710,97,3,1023.02,105,341.00666666666666,2
12712,29,13,3928.13,343,302.1638461538462,3
12713,1,1,794.55,1,794.55,0
12714,9,5,4294.86,286,858.972,3
12715,106,1,273.86,1,273.86,0
12716,4,2,963.49,130,481.745,2
12717,151,2,830.98,95,415.49,2
12718,71,1,202.25,1,202.25,1
12719,5,2,572.95,60,286.475,2
12720,3,25,5115.7300000000005,367,204.62920000000003,3
12721,32,6,2386.13,324,397.68833333333333,3
12722,85,4,979.63,66,244.9075,2
12723,4,5,707.07,62,141.41400000000002,2
12724,5,4,923.41,328,230.8525,2
12725,371,1,371.8,1,371.8,0
12726,28,7,2411.1,330,344.4428571428571,3
12727,11,7,3440.7,310,491.5285714285714,3
12728,71,4,728.33,262,182.0825,2
12729,114,1,417.01,1,417.01,0
12731,24,12,18751.91,342,1562.6591666666666,3
12732,180,1,218.26000000000002,1,218.26000000000002,1
12733,234,1,383.95,1,383.95,0
12734,353,1,110.39999999999999,1,110.39999999999999,1
12735,315,2,689.5699999999999,22,344.78499999999997,0
12736,333,1,144.0,1,144.0,1
12738,372,1,137.35,1,137.35,1
12739,99,1,975.54,1,975.54,0
12740,64,1,427.6,1,427.6,0
12743,134,2,546.43,1,273.215,0
12744,56,4,9120.39,263,2280.0975,3
12747,2,11,4196.01,367,381.4554545454546,3
12748,1,206,32317.32,373,156.8801941747573,3
12749,4,5,4090.88,210,818.176,3
12750,129,1,275.88,1,275.88,0
12752,81,1,4366.78,1,4366.78,0
12753,23,6,21429.39,340,3571.565,3
12754,236,3,3010.74,73,1003.5799999999999,2
12755,281,2,3811.95,86,1905.975,0
12756,87,1,112.07999999999998,1,112.07999999999998,1
12757,16,9,4199.2,196,466.5777777777778,3
12758,117,2,2791.59,160,1395.795,2
12759,52,3,1411.44,224,470.48,2
12762,8,2,1702.52,18,851.26,2
12763,138,2,494.08,231,247.04,2
12764,317,1,1693.88,1,1693.88,0
12766,4,7,6457.63,363,922.5185714285715,3
12769,239,1,1143.6,1,1143.6,0
12770,211,1,1351.45,1,1351.45,0
12772,60,1,752.47,1,752.47,0
12775,17,5,1281.04,295,256.20799999999997,2
12778,20,6,693.23,293,115.53833333333334,2
12779,38,8,3981.36,334,497.67,3
12781,64,2,786.74,222,393.37,2
12782,5,5,1938.92,353,387.784,3
12783,2,4,1295.87,74,323.9675,3
12784,15,1,518.42,1,518.42,0
12785,364,1,255.95,1,255.95,0
12787,10,3,418.66,183,139.55333333333334,2
12789,65,1,76.85,1,76.85,1
12790,192,1,294.92,1,294.92,0
12791,374,1,177.60000000000002,1,177.60000000000002,1
12792,257,1,344.53999999999996,1,344.53999999999996,0
12793,335,2,461.48,37,230.74,2
12794,53,2,860.41,46,430.205,2
12795,19,1,318.48,1,318.48,0
12797,366,1,226.03,1,226.03,1
12798,10,3,6977.04,161,2325.68,3
12802,187,1,397.58,1,397.58,0
12808,37,3,455.65000000000003,332,151.88333333333335,2
12809,178,1,405.31,1,405.31,0
12811,262,2,458.85,23,229.425,2
12812,45,1,229.64000000000001,1,229.64000000000001,1
12814,102,1,85.92,1,85.92,1
12815,148,2,863.46,51,431.73,2
12816,96,2,452.20000000000005,81,226.10000000000002,2
12817,281,1,126.03999999999999,1,126.03999999999999,1
12818,262,1,1182.0800000000002,1,1182.0800000000002,0
12820,3,4,942.34,324,235.585,3
12821,214,1,92.72,1,92.72,1
12822,71,2,948.88,17,474.44,0
12823,75,5,1759.5,222,351.9,2
12824,60,1,397.12,1,397.12,0
12826,3,7,1474.72,363,210.67428571428573,3
12827,6,3,430.15000000000003,39,143.38333333333335,2
12828,3,6,1018.71,128,169.785,3
12829,337,2,293.0,24,146.5,1
12830,38,6,6814.64,135,1135.7733333333333,3
12831,262,1,215.05,1,215.05,1
12832,32,2,383.03,66,191.515,2
12833,145,1,417.38,1,417.38,0
12834,283,1,312.38,1,312.38,0
12836,59,4,2612.86,253,653.215,2
12837,173,1,134.1,1,134.1,1
12838,34,2,683.13,341,341.565,2
12839,3,14,5591.42,365,399.38714285714286,3
12840,144,4,2726.77,83,681.6925,2
12841,5,25,4022.35,368,160.894,3
12842,70,2,1118.99,239,559.495,2
12843,66,8,1702.26,199,212.7825,2
12844,29,2,325.96000000000004,102,162.98000000000002,2
12845,267,4,354.09,23,88.5225,1
12847,22,1,871.54,1,871.54,0
12849,31,2,1033.25,238,516.625,2
12851,97,1,135.18,1,135.18,1
12852,295,1,311.55,1,311.55,0
12853,135,6,1957.1000000000001,182,326.18333333333334,2
12854,79,3,1324.5,240,441.5,2
12855,373,1,38.1,1,38.1,1
12856,8,6,2179.93,56,363.32166666666666,3
12857,211,2,1106.4,92,553.2,2
12863,52,1,521.2,1,521.2,0
12864,138,1,147.12,1,147.12,1
12865,26,2,1568.23,98,784.115,2
12866,283,1,499.12,1,499.12,0
12867,26,7,4036.82,334,576.6885714285714,3
12868,186,6,1607.0600000000002,188,267.84333333333336,2
12871,84,2,380.64,124,190.32,2
12872,327,2,599.97,39,299.985,2
12873,282,1,374.0,1,374.0,0
12875,143,2,343.2300000000001,220,171.61500000000004,2
12876,58,2,2053.02,139,1026.51,2
12877,4,12,1535.77,355,127.98083333333334,3
12878,236,2,854.99,30,427.495,0
12879,45,3,573.22,48,191.07333333333335,2
12881,276,1,298.0,1,298.0,0
12882,9,2,1463.04,25,731.52,2
12883,25,4,703.47,65,175.8675,2
12884,88,1,309.05,1,309.05,0
12885,63,3,1175.22,61,391.74,2
12886,68,2,1378.4,152,689.2,2
12888,214,2,354.12,42,177.06,2
12890,24,1,380.46999999999997,1,380.46999999999997,0
12891,186,3,331.0,108,110.33333333333333,2
12893,31,1,188.14,1,188.14,1
12895,42,2,372.8,45,186.4,2
12897,205,2,216.5,98,108.25,1
12901,9,28,17654.54,262,630.5192857142857,3
12902,265,1,138.68,1,138.68,1
12904,18,2,509.58,155,254.79,2
12906,12,5,2919.81,67,583.962,3
12908,176,2,750.0,137,375.0,2
12909,40,5,2178.67,214,435.73400000000004,2
12910,23,8,3075.04,219,384.38,3
12912,3,5,1662.3,38,332.46,3
12913,5,5,2483.63,364,496.726,3
12915,149,2,363.65,224,181.825,2
12916,139,4,3006.15,182,751.5375,2
12917,128,1,594.0,1,594.0,0
12919,8,6,1335.19,162,222.53166666666667,3
12920,17,1,164.23,1,164.23,1
12921,9,37,16587.09,365,448.29972972972973,3
12922,161,1,405.38,1,405.38,0
12923,64,1,175.72,1,175.72,1
12924,88,4,925.75,240,231.4375,2
12925,5,2,694.05,71,347.025,2
12928,35,5,2062.7000000000003,324,412.5400000000001,3
12929,312,1,117.85,1,117.85,1
12930,78,2,415.8,94,207.9,2
12931,22,15,42055.96,337,2803.730666666667,3
12933,24,3,607.53,260,202.51,2
12935,2,7,2160.7,318,308.6714285714285,3
12936,17,4,1063.9,62,265.975,2
12937,15,4,1504.27,253,376.0675,2
12938,26,1,114.14,1,114.14,1
12939,64,8,11581.8,271,1447.725,3
12940,55,2,913.54,34,456.77,2
12942,131,3,683.9,235,227.96666666666667,2
12944,36,2,604.51,320,302.255,2
12945,288,1,462.95,1,462.95,0
12947,144,6,1603.99,230,267.33166666666665,2
12948,16,7,2064.95,249,294.99285714285713,3
12949,31,8,4167.22,222,520.9025,3
12950,2,3,1843.0,22,614.3333333333334,3
12951,9,6,1064.07,323,177.345,2
12952,6,4,1387.79,73,346.9475,3
12953,10,1,329.85,1,329.85,0
12955,1,11,4757.16,267,432.4690909090909,3
12956,306,1,108.07,1,108.07,1
12957,10,8,4017.54,330,502.1925,3
12962,7,2,266.39,107,133.195,2
12963,8,8,1856.63,358,232.07875,3
12965,89,1,771.91,1,771.91,0
12966,10,1,160.18,1,160.18,1
12967,358,2,1660.9,14,830.45,0
12968,112,1,135.95,1,135.95,1
12970,7,4,452.24,316,113.06,2
12971,4,86,11189.91,369,130.11523255813952,3
12974,198,1,144.8,1,144.8,1
12976,212,1,738.6,1,738.6,0
12977,156,1,39.239999999999995,1,39.239999999999995,1
12980,158,9,7374.900000000001,201,819.4333333333334,3
12981,30,2,372.21999999999997,104,186.10999999999999,2
12982,243,1,390.54,1,390.54,0
12984,19,1,97.5,1,97.5,1
12985,1,2,1239.38,28,619.69,3
12987,74,2,558.7,125,279.35,2
12988,292,1,535.32,1,535.32,0
12989,3,15,6924.110000000001,362,461.6073333333334,3
12990,31,3,409.5,279,136.5,2
12991,23,2,503.76,90,251.88,2
12993,23,4,414.76,276,103.69,2
12994,4,3,974.4200000000001,265,324.8066666666667,2
12995,85,1,211.32,1,211.32,1
12997,22,4,1226.89,295,306.7225,2
12999,196,3,455.88,50,151.96,2
13000,107,3,534.85,259,178.28333333333333,2
13001,4,13,9818.82,323,755.2938461538462,3
13002,318,1,120.94999999999999,1,120.94999999999999,1
13003,106,3,149.05,110,49.68333333333334,1
13004,12,18,5655.91,347,314.21722222222223,3
13005,174,2,513.7,73,256.85,2
13006,56,1,81.57,1,81.57,1
13008,323,1,229.46999999999997,1,229.46999999999997,1
13011,372,1,50.550000000000004,1,50.550000000000004,1
13012,9,8,1661.8400000000001,286,207.73000000000002,3
13013,1,13,4810.9400000000005,371,370.07230769230773,3
13014,11,10,3466.2799999999997,271,346.628,3
13015,53,5,3346.28,196,669.2560000000001,3
13016,73,3,789.89,50,263.2966666666667,2
13017,7,1,204.0,1,204.0,1
13018,16,28,7277.7,280,259.91785714285714,3
13021,4,9,2616.38,355,290.7088888888889,3
13023,64,2,599.9,66,299.95,2
13026,1,5,975.36,275,195.072,3
13027,114,6,6912.0,241,1152.0,3
13028,23,2,661.3199999999999,23,330.65999999999997,2
13029,31,3,1247.5,323,415.8333333333333,2
13030,11,2,799.48,357,399.74,2
13032,52,2,1010.18,35,505.09,2
13033,357,1,190.55,1,190.55,1
13034,55,2,642.77,315,321.385,2
13035,74,2,921.88,187,460.94,2
13037,138,3,881.07,119,293.69,2
13038,80,3,908.46,211,302.82,2
13040,9,2,676.99,25,338.495,2
13043,273,1,516.42,1,516.42,0
13044,291,1,560.47,1,560.47,0
13045,99,1,305.28000000000003,1,305.28000000000003,0
13046,31,2,629.31,236,314.655,2
13047,57,9,3232.59,318,359.1766666666667,3
13048,14,4,1835.91,313,458.9775,3
13049,64,2,656.6800000000001,254,328.34000000000003,2
13050,15,17,5833.11,352,343.1241176470588,3
13052,212,1,348.15000000000003,1,348.15000000000003,0
13055,78,3,1214.41,136,404.80333333333334,2
13058,25,3,271.40000000000003,128,90.46666666666668,2
13059,250,1,183.4,1,183.4,1
13060,254,1,307.53,1,307.53,0
13061,72,1,248.61,1,248.61,0
13062,191,1,346.98,1,346.98,0
13064,13,4,1119.49,315,279.8725,2
13065,373,1,205.86,1,205.86,1
13066,24,2,470.8,8,235.4,2
13067,82,1,115.46000000000001,1,115.46000000000001,1
13068,10,2,344.0,310,172.0,2
13069,1,24,4436.12,369,184.83833333333334,3
13070,192,1,228.8,1,228.8,1
13072,267,1,177.15,1,177.15,1
13075,130,1,919.61,1,919.61,0
13077,1,4,729.27,366,182.3175,3
13078,3,26,12627.94,364,485.69,3
13079,4,5,220.10000000000002,137,44.02,2
13080,179,1,58.08,1,58.08,1
13081,12,11,28337.38,360,2576.1254545454544,3
13082,126,9,3613.63,213,401.51444444444445,3
13083,4,2,303.75,72,151.875,2
13085,158,2,416.08000000000004,138,208.04000000000002,2
13089,3,97,58825.83,367,606.4518556701031,3
13090,9,13,8895.82,365,684.2938461538462,3
13091,28,1,345.82,1,345.82,0
13092,71,5,477.83,289,95.566,2
13093,276,8,7832.47,98,979.05875,3
13094,21,12,1927.3200000000002,348,160.61,3
13095,71,1,74.39999999999999,1,74.39999999999999,1
13097,33,10,6010.42,328,601.042,3
13098,1,28,28882.44,317,1031.5157142857142,3
13099,99,1,207.35999999999999,1,207.35999999999999,1
13101,234,1,101.19,1,101.19,1
13102,1,24,6424.09,364,267.67041666666665,3
13103,40,1,243.94,1,243.94,1
13104,3,6,1098.48,352,183.08,3
13106,133,1,76.5,1,76.5,1
13107,44,4,1531.6200000000001,290,382.90500000000003,2
13108,373,1,350.06,1,350.06,0
13109,60,2,786.54,98,393.27,2
13110,31,7,1488.67,280,212.66714285714286,2
13113,1,24,12245.960000000001,366,510.2483333333334,3
13115,12,4,2294.78,173,573.695,3
13116,138,1,501.14,1,501.14,0
13117,22,8,984.91,351,123.11375,2
13118,20,5,1197.81,270,239.56199999999998,2
13120,239,1,30.599999999999998,1,30.599999999999998,1
13121,269,1,283.73,1,283.73,0
13122,94,2,922.39,147,461.195,2
13124,90,3,3866.33,270,1288.7766666666666,3
13126,5,8,2099.64,362,262.455,3
13127,78,1,259.17,1,259.17,0
13130,94,1,64.0,1,64.0,1
13131,23,3,1073.3,165,357.76666666666665,2
13132,262,1,77.3,1,77.3,1
13133,274,2,109.8,31,54.9,1
13134,86,4,1793.58,155,448.395,2
13135,197,1,3096.0,1,3096.0,0
13136,56,5,2607.61,157,521.522,3
13137,11,8,3650.41,299,456.30125,3
13138,22,6,962.39,351,160.39833333333334,2
13139,16,7,5064.94,244,723.5628571428571,3
13140,108,3,423.72,259,141.24,2
13141,85,5,2388.75,231,477.75,2
13142,19,1,307.09,1,307.09,0
13144,333,1,110.95,1,110.95,1
13145,40,4,618.52,333,154.63,2
13146,26,1,228.91,1,228.91,1
13147,10,4,712.8000000000001,90,178.20000000000002,2
13148,29,12,3707.12,336,308.9266666666667,3
13149,14,4,1676.06,275,419.015,3
13151,296,1,1257.8700000000001,1,1257.8700000000001,0
13153,6,1,486.22,1,486.22,0
13155,33,4,971.76,336,242.94,2
13157,49,4,1741.22,249,435.305,2
13158,95,4,1201.06,225,300.265,2
13159,9,4,1437.85,107,359.4625,3
13160,22,1,91.8,1,91.8,1
13161,313,1,112.75,1,112.75,1
13162,122,4,1688.29,213,422.0725,2
13165,46,2,1021.48,306,510.74,2
13166,283,1,417.2,1,417.2,0
13167,19,4,779.33,126,194.8325,2
13168,36,4,1319.19,282,329.7975,2
13169,64,2,712.88,189,356.44,2
13170,27,1,116.00999999999999,1,116.00999999999999,1
13171,22,3,468.41,278,156.13666666666668,2
13173,4,2,353.65,364,176.825,2
13174,16,3,2813.03,353,937.6766666666667,3
13176,46,1,492.84,1,492.84,0
13177,65,1,282.45,1,282.45,0
13178,26,11,5725.47,335,520.4972727272727,3
13182,45,1,121.18,1,121.18,1
13183,8,9,3957.78,327,439.75333333333333,3
13184,15,10,1700.29,276,170.029,3
13185,268,1,71.4,1,71.4,1
13186,40,3,1575.89,90,525.2966666666667,2
13187,337,1,236.02,1,236.02,1
13188,11,1,114.60000000000001,1,114.60000000000001,1
13189,19,2,260.68,97,130.34,2
13192,95,2,911.94,110,455.97,2
13193,61,1,117.88,1,117.88,1
13194,136,1,60.7,1,60.7,1
13196,11,4,1797.78,251,449.445,3
13198,10,6,3401.2400000000002,352,566.8733333333333,3
13199,4,37,9802.12,364,264.9221621621622,3
13200,19,4,870.09,108,217.5225,2
13203,10,4,869.46,233,217.365,2
13207,15,2,250.26000000000002,136,125.13000000000001,2
13208,59,5,1199.42,250,239.88400000000001,2
13209,30,8,5891.61,332,736.45125,3
13210,94,1,353.48,1,353.48,0
13211,10,3,1197.42,351,399.14000000000004,2
13212,20,3,788.08,42,262.6933333333333,2
13213,57,5,1520.58,143,304.116,2
13216,268,1,333.74,1,333.74,0
13217,122,3,533.98,35,177.99333333333334,2
13218,127,1,62.63999999999999,1,62.63999999999999,1
13220,78,4,819.2900000000001,159,204.82250000000002,2
13221,240,2,844.86,120,422.43,2
13223,200,2,163.20000000000002,32,81.60000000000001,1
13224,60,2,2152.95,92,1076.475,2
13225,3,7,6463.84,359,923.4057142857143,3
13226,273,1,108.21000000000001,1,108.21000000000001,1
13227,202,1,257.7,1,257.7,0
13228,81,1,358.0,1,358.0,0
13229,226,1,160.95,1,160.95,1
13230,4,14,2806.97,361,200.49785714285713,3
13232,13,7,1357.0,231,193.85714285714286,3
13233,74,2,605.12,262,302.56,2
13235,212,1,1031.07,1,1031.07,0
13236,25,2,744.85,83,372.425,2
13238,17,4,700.73,344,175.1825,2
13239,262,1,329.56,1,329.56,0
13240,96,4,648.7,270,162.175,2
13242,112,3,270.40000000000003,102,90.13333333333334,2
13243,203,1,600.07,1,600.07,0
13244,93,1,121.74000000000001,1,121.74000000000001,1
13245,51,1,430.5,1,430.5,0
13246,18,6,1987.3,313,331.21666666666664,3
13247,18,4,501.12,65,125.28,2
13248,125,2,465.68,65,232.84,2
13249,92,3,711.41,169,237.13666666666666,2
13253,157,2,1030.4,183,515.2,2
13255,9,2,399.51,365,199.755,2
13258,12,3,698.58,194,232.86,2
13259,62,1,292.32,1,292.32,0
13260,61,1,557.62,1,557.62,0
13261,269,2,944.1,18,472.05,0
13262,263,1,200.29,1,200.29,1
13263,1,35,7443.85,324,212.68142857142857,3
13265,53,5,2107.66,221,421.532,2
13266,11,12,3834.2599999999998,246,319.52166666666665,3
13267,3,19,4521.49,365,237.97315789473683,3
13268,18,10,3192.65,250,319.265,3
13269,1,15,5346.2300000000005,369,356.41533333333336,3
13270,366,1,590.0,1,590.0,0
13271,37,1,217.38,1,217.38,1
13272,31,2,276.56,59,138.28,2
13273,113,1,138.98,1,138.98,1
13276,64,2,590.9300000000001,37,295.46500000000003,2
13277,16,4,258.4,118,64.6,2
13278,41,1,542.73,1,542.73,0
13279,78,1,137.75,1,137.75,1
13280,122,3,814.86,215,271.62,2
13282,18,3,1132.14,203,377.38000000000005,2
13283,60,2,93.66,126,46.83,1
13284,331,1,201.19,1,201.19,1
13285,23,4,2709.12,267,677.28,3
13291,156,1,361.11,1,361.11,0
13292,39,2,578.9399999999999,246,289.46999999999997,2
13294,190,2,873.74,60,436.87,2
13295,360,1,201.20000000000002,1,201.20000000000002,1
13296,137,1,87.4,1,87.4,1
13297,8,4,2089.85,60,522.4625,3
13298,1,1,360.0,1,360.0,0
13299,268,1,142.5,1,142.5,1
13300,169,1,371.89,1,371.89,0
13301,104,4,600.19,189,150.0475,2
13302,155,1,63.75,1,63.75,1
13304,351,1,300.42,1,300.42,0
13305,4,10,2000.86,369,200.08599999999998,3
13307,120,1,15.0,1,15.0,1
13308,23,3,1385.51,181,461.83666666666664,2
13309,7,5,1456.79,302,291.358,3
13310,28,3,1132.03,297,377.3433333333333,2
13311,4,2,598.57,146,299.285,2
13313,22,5,1555.32,318,311.06399999999996,2
13314,2,3,775.94,73,258.6466666666667,2
13316,37,4,5977.7300000000005,218,1494.4325000000001,3
13317,66,6,2273.68,293,378.94666666666666,2
13318,1,3,640.76,37,213.58666666666667,2
13319,5,26,10845.550000000001,361,417.1365384615385,3
13320,78,4,1548.7,136,387.175,2
13321,72,2,567.36,15,283.68,2
13322,17,1,199.48000000000002,1,199.48000000000002,1
13323,3,5,787.85,82,157.57,2
13324,36,10,7121.95,325,712.1949999999999,3
13325,82,1,675.3,1,675.3,0
13327,39,8,3627.77,327,453.47125,3
13328,316,1,1308.48,1,1308.48,0
13329,32,2,789.0,336,394.5,2
13330,93,3,1140.93,224,380.31,2
13332,14,1,350.9,1,350.9,0
13334,82,3,3536.82,224,1178.94,3
13336,77,1,795.12,1,795.12,0
13338,158,1,487.02,1,487.02,0
13339,201,1,860.12,1,860.12,0
13340,45,7,10736.48,232,1533.782857142857,3
13341,261,1,775.85,1,775.85,0
13343,178,1,353.43,1,353.43,0
13344,68,3,2543.72,210,847.9066666666666,2
13345,288,1,389.5,1,389.5,0
13347,70,1,341.36,1,341.36,0
13348,64,1,233.76,1,233.76,1
13349,11,1,247.32,1,247.32,0
13350,16,2,979.12,64,489.56,2
13351,66,1,373.94,1,373.94,0
13352,60,1,397.97999999999996,1,397.97999999999996,0
13354,71,1,743.53,1,743.53,0
13355,122,1,674.7,1,674.7,0
13356,80,1,768.24,1,768.24,0
13357,257,1,609.95,1,609.95,0
13358,269,1,439.03,1,439.03,0
13359,64,1,439.56,1,439.56,0
13362,9,4,3090.7400000000002,279,772.6850000000001,3
13363,18,2,992.5,27,496.25,2
13364,71,1,134.95999999999998,1,134.95999999999998,1
13365,34,2,2225.37,185,1112.685,2
13366,50,1,56.160000000000004,1,56.160000000000004,1
13368,257,2,623.4,81,311.7,2
13369,366,1,308.28000000000003,1,308.28000000000003,0
13370,372,1,754.87,1,754.87,0
13372,90,1,378.64,1,378.64,0
13373,61,3,3312.25,216,1104.0833333333333,3
13375,89,1,778.65,1,778.65,0
13376,99,3,1019.76,136,339.92,2
13379,26,3,572.56,111,190.85333333333332,2
13381,32,6,3639.31,268,606.5516666666666,3
13382,281,1,222.99,1,222.99,1
13384,31,7,4151.93,148,593.1328571428572,3
13385,330,1,534.57,1,534.57,0
13388,131,2,677.1,1,338.55,0
13389,11,3,797.96,222,265.9866666666667,2
13390,75,1,544.08,1,544.08,0
13391,204,1,59.8,1,59.8,1
13394,2,8,2520.02,309,315.0025,3
13395,185,1,307.72,1,307.72,0
13396,29,2,1360.99,291,680.495,2
13397,73,5,1544.13,267,308.826,2
13398,192,1,457.34,1,457.34,0
13402,127,2,621.23,245,310.615,2
13403,18,1,75.0,1,75.0,1
13404,1,2,252.49,212,126.245,2
13405,74,3,572.451,244,190.817,2
13408,2,62,28117.04,372,453.5006451612903,3
13410,24,5,1003.06,268,200.612,2
13411,107,1,213.55,1,213.55,1
13414,134,3,1390.5,163,463.5,2
13416,44,2,712.5,38,356.25,2
13417,5,2,640.83,201,320.415,2
13418,12,18,6127.43,361,340.4127777777778,3
13419,64,1,221.06,1,221.06,1
13420,150,2,159.85,21,79.925,1
13421,40,2,1840.58,250,920.29,2
13422,64,1,2626.3,1,2626.3,0
13425,108,3,1624.21,187,541.4033333333333,2
13426,1,10,3641.32,359,364.132,3
13427,19,3,582.6,196,194.20000000000002,2
13428,10,1,218.47,1,218.47,1
13429,11,4,1006.8,65,251.7,2
13430,19,2,679.45,68,339.725,2
13431,67,2,1269.1,22,634.55,0
13434,74,2,534.24,23,267.12,2
13435,5,7,3809.8900000000003,184,544.2700000000001,3
13436,2,1,196.89,1,196.89,1
13437,14,7,3408.06,176,486.86571428571426,3
13439,255,1,283.71,1,283.71,0
13441,92,1,296.64,1,296.64,0
13447,23,3,1129.14,13,376.38000000000005,2
13448,17,6,3539.37,358,589.895,3
13449,24,1,291.88,1,291.88,0
13450,27,6,2043.7199999999998,192,340.61999999999995,3
13451,26,5,2976.15,309,595.23,3
13452,259,2,590.0,12,295.0,0
13453,166,2,356.97999999999996,124,178.48999999999998,2
13455,25,2,1058.34,342,529.17,2
13456,18,6,1766.72,190,294.4533333333333,3
13458,7,14,9646.57,353,689.0407142857142,3
13460,29,2,183.44,21,91.72,1
13461,39,3,1445.0,125,481.6666666666667,2
13462,253,1,151.5,1,151.5,1
13464,58,1,674.68,1,674.68,0
13466,184,1,307.9,1,307.9,0
13467,11,2,1083.71,26,541.855,2
13468,2,37,5704.97,372,154.1883783783784,3
13470,99,2,165.0,16,82.5,1
13471,1,4,2531.58,47,632.895,3
13473,61,2,422.64,273,211.32,2
13474,236,1,229.59,1,229.59,1
13475,191,4,1431.78,108,357.945,2
13476,179,2,1238.47,103,619.235,2
13477,38,6,1454.58,254,242.42999999999998,2
13479,201,2,300.95,34,150.475,1
13481,46,5,1804.56,212,360.912,2
13482,232,1,184.64,1,184.64,1
13483,66,1,140.34,1,140.34,1
13484,241,1,313.8,1,313.8,0
13485,233,1,454.24,1,454.24,0
13486,78,3,1122.41,77,374.1366666666667,2
13487,58,3,575.4,296,191.79999999999998,2
13488,17,13,8968.31,351,689.87,3
13489,105,4,449.52,190,112.38,2
13491,52,10,1215.82,321,121.582,2
13492,136,3,1269.84,79,423.28,2
13493,275,2,498.63,12,249.315,0
13494,312,1,316.26000000000005,1,316.26000000000005,0
13495,8,5,2044.8700000000001,361,408.97400000000005,3
13496,11,2,653.33,350,326.665,2
13497,283,2,348.05,86,174.025,2
13499,18,5,1159.11,253,231.82199999999997,2
13500,23,3,1166.77,100,388.92333333333335,2
13501,288,1,1340.32,1,1340.32,0
13502,17,3,292.0,308,97.33333333333333,2
13503,71,1,216.85,1,216.85,1
13504,64,1,295.93,1,295.93,0
13505,73,4,3633.63,160,908.4075,3
13506,316,2,458.52,54,229.26,2
13507,3,4,2479.16,143,619.79,3
13508,244,1,110.97,1,110.97,1
13509,9,6,964.72,276,160.78666666666666,2
13510,1,4,1791.56,183,447.89,3
13512,261,1,251.21,1,251.21,1
13513,127,1,205.1,1,205.1,1
13514,74,1,152.20000000000002,1,152.20000000000002,1
13515,73,4,891.12,176,222.78,2
13516,21,3,1389.41,218,463.1366666666667,2
13517,60,3,2128.42,121,709.4733333333334,2
13518,86,1,659.4399999999999,1,659.4399999999999,0
13519,78,1,122.75,1,122.75,1
13520,59,6,2984.35,313,497.39166666666665,3
13521,1,3,1092.39,9,364.13000000000005,3
13522,30,1,125.80000000000001,1,125.80000000000001,1
13523,33,5,3964.88,334,792.976,3
13524,41,5,680.1800000000001,180,136.036,2
13525,15,2,628.78,234,314.39,2
13527,34,7,2287.51,294,326.7871428571429,3
13529,79,2,307.76,126,153.88,2
13531,205,2,483.8,162,241.9,2
13532,34,1,210.31,1,210.31,1
13533,183,3,270.79,85,90.26333333333334,2
13534,2,25,5870.08,356,234.8032,3
13536,1,7,3448.29,75,492.61285714285714,3
13538,43,7,1280.85,273,182.97857142857143,2
13539,86,3,631.34,224,210.4466666666667,2
13544,40,2,291.41,201,145.705,2
13546,12,3,626.99,189,208.99666666666667,2
13548,96,2,682.41,148,341.205,2
13549,26,7,918.2,217,131.17142857142858,2
13551,319,1,91.80000000000001,1,91.80000000000001,1
13552,66,12,3740.07,250,311.6725,3
13555,74,4,4149.28,129,1037.32,3
13557,28,2,584.06,253,292.03,2
13558,6,4,605.06,63,151.265,2
13560,7,1,174.37,1,174.37,1
13561,216,1,141.85999999999999,1,141.85999999999999,1
13562,82,3,1799.33,164,599.7766666666666,2
13563,84,2,777.53,56,388.765,2
13564,354,2,1198.38,14,599.19,0
13565,19,2,240.22,316,120.11,2
13566,41,2,874.71,42,437.355,2
13568,173,1,192.85,1,192.85,1
13569,17,2,372.25,351,186.125,2
13570,243,1,239.49,1,239.49,1
13571,13,12,2092.32,241,174.36,3
13572,206,1,1384.25,1,1384.25,0
13573,50,2,294.4,203,147.2,2
13575,23,5,732.0699999999999,153,146.414,2
13576,10,18,6717.34,363,373.18555555555554,3
13577,25,4,1687.6000000000001,217,421.90000000000003,2
13579,15,2,467.04,355,233.52,2
13581,309,1,118.0,1,118.0,1
13583,156,1,781.03,1,781.03,0
13584,307,1,142.4,1,142.4,1
13587,64,1,712.4,1,712.4,0
13588,16,9,2478.95,240,275.43888888888887,3
13589,15,2,379.65,165,189.825,2
13590,11,6,1981.92,292,330.32,3
13591,65,3,1117.13,203,372.3766666666667,2
13592,36,4,247.95999999999998,229,61.989999999999995,2
13593,108,5,2037.0800000000002,228,407.41600000000005,2
13594,53,1,396.97,1,396.97,0
13596,6,2,697.04,8,348.52,2
13598,47,1,180.17000000000002,1,180.17000000000002,1
13599,1,21,5153.67,366,245.41285714285715,3
13600,312,1,219.52,1,219.52,1
13601,45,2,693.32,167,346.66,2
13602,65,1,428.89,1,428.89,0
13603,26,1,164.34,1,164.34,1
13606,29,3,280.53999999999996,283,93.51333333333332,2
13607,40,1,678.01,1,678.01,0
13610,12,7,1131.88,274,161.69714285714286,2
13611,89,3,1171.8,271,390.59999999999997,2
13614,24,4,1610.46,307,402.615,2
13615,319,1,417.69,1,417.69,0
13617,40,3,544.18,141,181.39333333333332,2
13618,174,1,177.34,1,177.34,1
13621,117,1,213.85,1,213.85,1
13623,31,5,747.78,267,149.55599999999998,2
13626,253,1,257.23,1,257.23,0
13627,59,5,1638.47,299,327.694,2
13629,23,11,7792.36,316,708.3963636363636,3
13630,5,7,2031.78,281,290.2542857142857,3
13631,100,11,3070.42,168,279.1290909090909,3
13632,25,5,2121.27,219,424.254,3
13634,33,5,1575.16,294,315.03200000000004,2
13635,68,1,1071.03,1,1071.03,0
13636,37,5,949.12,249,189.824,2
13637,52,3,809.25,175,269.75,2
13638,16,1,122.64,1,122.64,1
13639,74,1,1033.34,1,1033.34,0
13642,216,1,354.8,1,354.8,0
13643,31,3,519.44,155,173.14666666666668,2
13644,16,4,2624.26,90,656.065,3
13645,120,1,252.1,1,252.1,0
13647,10,4,1678.1200000000001,226,419.53000000000003,3
13649,257,2,346.6,110,173.3,2
13650,17,6,1836.34,251,306.0566666666667,3
13651,35,2,94.2,5,47.1,1
13652,46,3,1095.08,323,365.02666666666664,2
13654,43,6,2707.33,231,451.22166666666664,3
13655,114,2,932.97,128,466.485,2
13656,165,2,379.65,173,189.825,2
13657,11,2,382.14,191,191.07,2
13658,10,5,2639.17,195,527.8340000000001,3
13659,206,2,1573.2,116,786.6,2
13662,86,3,897.76,174,299.25333333333333,2
13663,179,1,189.47,1,189.47,1
13666,60,3,84.65,228,28.21666666666667,1
13667,149,1,305.02,1,305.02,0
13668,3,21,6363.59,360,303.02809523809526,3
13669,51,2,218.55,99,109.275,2
13670,75,1,349.7,1,349.7,0
13672,301,2,186.39000000000001,31,93.19500000000001,1
13673,19,2,396.92,14,198.46,2
13675,151,2,486.82000000000005,134,243.41000000000003,2
13678,152,1,232.6,1,232.6,1
13680,1,4,3722.42,338,930.605,3
13681,18,4,827.83,138,206.9575,2
13682,187,1,59.5,1,59.5,1
13684,286,1,67.23,1,67.23,1
13685,3,7,3119.44,58,445.63428571428574,3
13686,183,1,72.0,1,72.0,1
13689,63,1,910.0,1,910.0,0
13690,59,1,172.25,1,172.25,1
13692,25,3,1488.32,212,496.1066666666666,2
13694,4,50,65039.62,370,1300.7924,3
13695,31,15,2504.13,229,166.942,3
13697,39,1,151.29999999999998,1,151.29999999999998,1
13699,155,1,308.58000000000004,1,308.58000000000004,0
13700,26,10,2265.12,301,226.512,3
13703,318,1,99.5,1,99.5,1
13704,5,9,2308.06,84,256.4511111111111,3
13705,8,3,711.86,367,237.28666666666666,2
13706,303,1,330.79,1,330.79,0
13707,267,2,806.41,49,403.205,2
13708,271,1,294.88,1,294.88,0
13709,4,13,6328.05,312,486.7730769230769,3
13710,32,1,180.48,1,180.48,1
13711,219,2,252.06,1,126.03,1
13712,247,1,228.84,1,228.84,1
13715,281,5,1079.34,92,215.868,2
13716,269,1,138.28,1,138.28,1
13717,32,6,1445.01,267,240.835,2
13718,246,2,306.55,50,153.275,1
13719,15,5,1041.68,220,208.336,2
13720,117,4,799.9,139,199.975,2
13721,36,1,524.14,1,524.14,0
13722,132,3,2375.41,152,791.8033333333333,2
13723,217,1,199.85000000000002,1,199.85000000000002,1
13725,50,8,1980.56,259,247.57,3
13726,39,2,1079.6599999999999,62,539.8299999999999,2
13727,29,2,333.48,5,166.74,1
13728,37,6,1016.14,274,169.35666666666665,2
13730,136,2,752.6,26,376.3,2
13731,219,2,610.59,28,305.295,2
13732,28,1,491.86,1,491.86,0
13735,25,4,2885.2400000000002,210,721.3100000000001,3
13736,5,2,731.9,256,365.95,2
13737,200,1,339.59999999999997,1,339.59999999999997,0
13739,18,1,216.9,1,216.9,1
13740,241,1,350.75,1,350.75,0
13741,72,3,668.4300000000001,146,222.81000000000003,2
13742,17,12,3131.02,304,260.91833333333335,3
13743,3,7,1341.6,257,191.65714285714284,3
13744,95,2,1156.36,198,578.18,2
13745,162,1,300.04,1,300.04,0
13747,374,1,79.6,1,79.6,1
13748,96,5,948.25,279,189.65,2
13750,54,5,1647.26,284,329.452,2
13751,288,1,296.25,1,296.25,0
13752,124,6,1186.28,123,197.71333333333334,2
13753,288,1,741.26,1,741.26,0
13754,152,2,282.59999999999997,166,141.29999999999998,2
13755,4,9,2161.35,60,240.14999999999998,3
13756,2,14,5189.52,366,370.68,3
13758,12,7,3190.55,362,455.79285714285714,3
13759,33,2,659.4100000000001,38,329.70500000000004,2
13760,54,2,286.79,203,143.395,2
13761,50,2,1070.65,130,535.325,2
13762,219,1,306.72,1,306.72,0
13763,63,1,1714.96,1,1714.96,0
13764,71,3,1518.76,267,506.25333333333333,2
13767,2,37,17220.36,372,465.41513513513513,3
13769,2,10,2796.51,366,279.651,3
13771,64,4,2634.45,183,658.6125,2
13772,34,3,1132.13,206,377.3766666666667,2
13774,82,1,345.0,1,345.0,0
13777,1,33,25977.16,373,787.1866666666666,3
13778,103,1,178.7,1,178.7,1
13780,7,2,360.01,164,180.005,2
13781,251,1,127.84,1,127.84,1
13782,13,6,912.0,316,152.0,2
13784,10,11,2462.79,323,223.89,3
13786,367,1,230.39999999999998,1,230.39999999999998,1
13787,76,2,309.04,289,154.52,2
13790,4,1,348.8,1,348.8,0
13791,128,2,1516.0,41,758.0,0
13792,66,2,195.55,222,97.775,2
13798,1,57,37153.85,371,651.8219298245614,3
13799,117,2,688.86,178,344.43,2
13800,310,1,558.32,1,558.32,0
13801,67,1,324.8,1,324.8,0
13802,139,3,4599.42,173,1533.14,3
13803,255,1,277.07,1,277.07,0
13804,31,7,2635.79,260,376.5414285714286,3
13805,52,2,924.6,77,462.3,2
13806,64,1,256.38,1,256.38,0
13807,367,1,112.6,1,112.6,1
13808,6,5,1747.66,92,349.53200000000004,3
13809,305,1,155.05,1,155.05,1
13810,29,2,827.51,28,413.755,2
13811,184,2,519.75,56,259.875,2
13812,42,3,485.0,64,161.66666666666666,2
13813,40,4,1168.8600000000001,96,292.21500000000003,2
13814,92,2,1579.12,45,789.56,2
13815,22,4,3667.36,297,916.84,3
13816,24,2,499.67,41,249.835,2
13817,29,2,328.98,323,164.49,2
13819,302,3,1140.35,19,380.1166666666666,0
13821,145,2,385.64,117,192.82,2
13822,6,2,632.0,35,316.0,2
13823,19,2,957.66,73,478.83,2
13824,33,5,1698.94,278,339.788,2
13826,176,1,189.5,1,189.5,1
13827,58,3,412.05,86,137.35,2
13828,22,1,209.49,1,209.49,1
13831,16,6,2202.99,354,367.16499999999996,3
13832,19,1,52.199999999999996,1,52.199999999999996,1
13833,159,1,384.8,1,384.8,0
13835,25,4,834.57,191,208.6425,2
13837,212,2,271.24,106,135.62,2
13838,6,4,691.73,365,172.9325,2
13841,253,1,85.0,1,85.0,1
13842,59,9,3385.62,309,376.18,3
13844,11,1,361.62,1,361.62,0
13845,65,1,312.98,1,312.98,0
13846,25,3,865.0600000000001,336,288.35333333333335,2
13848,92,3,1255.0,274,418.3333333333333,2
13849,52,2,1537.95,120,768.975,2
13850,129,1,1595.48,1,1595.48,0
13851,96,3,2651.46,193,883.82,2
13853,57,1,1090.14,1,1090.14,0
13854,9,25,8109.5199999999995,357,324.38079999999997,3
13856,169,3,388.5,35,129.5,2
13858,57,1,216.17,1,216.17,1
13859,326,1,201.16,1,201.16,1
13860,1,5,1245.9,86,249.18,3
13862,18,8,2209.36,315,276.17,3
13863,248,1,305.78,1,305.78,0
13865,58,4,501.56,232,125.39,2
13866,74,1,145.67000000000002,1,145.67000000000002,1
13867,31,3,1015.29,187,338.43,2
13868,7,2,3192.54,32,1596.27,3
13869,123,4,3104.95,234,776.2375,2
13870,2,8,2770.94,286,346.3675,3
13871,23,13,6403.25,287,492.5576923076923,3
13873,120,3,389.6,191,129.86666666666667,2
13874,358,1,540.45,1,540.45,0
13875,54,5,1786.79,248,357.358,2
13876,64,1,122.7,1,122.7,1
13877,86,1,117.24,1,117.24,1
13878,55,1,1281.53,1,1281.53,0
13880,21,13,3219.77,346,247.67461538461538,3
13881,4,20,17159.52,309,857.976,3
13882,3,5,1191.13,62,238.22600000000003,3
13883,11,5,2674.48,243,534.896,3
13884,7,5,787.6,277,157.52,2
13885,189,2,506.8,12,253.4,0
13886,71,1,243.56,1,243.56,1
13887,204,1,349.55,1,349.55,0
13888,120,2,605.63,99,302.815,2
13889,93,1,416.90000000000003,1,416.90000000000003,0
13890,1,10,1883.8100000000002,358,188.38100000000003,3
13892,27,4,632.97,220,158.2425,2
13893,298,1,821.1,1,821.1,0
13894,24,3,564.62,287,188.20666666666668,2
13895,28,4,2593.07,137,648.2675,3
13897,50,1,311.16,1,311.16,0
13898,326,1,155.93,1,155.93,1
13899,16,2,388.52,259,194.26,2
13900,183,3,740.95,80,246.98333333333335,2
13901,72,5,2867.2,247,573.4399999999999,3
13904,37,2,332.64,258,166.32,2
13908,80,4,2369.55,197,592.3875,2
13911,57,9,2580.91,252,286.7677777777778,3
13914,12,2,626.45,25,313.225,2
13917,50,2,272.04,142,136.02,2
13918,50,2,1212.8400000000001,204,606.4200000000001,2
13919,59,2,348.81,63,174.405,2
13922,352,1,172.25,1,172.25,1
13923,54,1,351.13,1,351.13,0
13924,2,6,1838.8500000000001,71,306.475,3
13925,93,4,678.25,43,169.5625,2
13926,23,1,223.85000000000002,1,223.85000000000002,1
13927,75,1,348.99,1,348.99,0
13928,11,4,464.57,123,116.1425,2
13929,169,2,842.65,158,421.325,2
13930,58,2,337.34,79,168.67,2
13931,96,2,1237.53,186,618.765,2
13932,295,1,307.4,1,307.4,0
13933,109,2,608.7900000000001,40,304.39500000000004,2
13934,264,1,922.1,1,922.1,0
13936,180,1,376.58,1,376.58,0
13937,169,1,158.85,1,158.85,1
13938,35,1,71.66,1,71.66,1
13939,23,3,568.55,289,189.51666666666665,2
13940,17,4,839.14,127,209.785,2
13941,22,5,5112.96,351,1022.592,3
13946,79,3,561.5699999999999,189,187.18999999999997,2
13947,65,1,90.6,1,90.6,1
13948,361,1,102.0,1,102.0,1
13949,3,6,2427.32,92,404.55333333333334,3
13950,11,4,745.06,236,186.265,2
13951,176,3,674.45,119,224.8166666666667,2
13952,218,2,3251.071,21,1625.5355,0
13953,7,7,3515.68,346,502.23999999999995,3
13954,2,2,439.92,70,219.96,2
13955,154,2,322.96,152,161.48,2
13956,5,5,1026.42,267,205.28400000000002,3
13959,79,3,598.2,284,199.4,2
13960,21,2,230.22,51,115.11,2
13962,22,2,169.55,224,84.775,2
13963,308,4,664.54,60,166.135,2
13967,146,1,80.7,1,80.7,1
13969,7,18,9053.94,358,502.99666666666667,3
13971,19,8,2758.26,267,344.7825,3
13972,71,2,190.25,132,95.125,2
13973,287,1,264.7,1,264.7,0
13974,49,1,413.59000000000003,1,413.59000000000003,0
13975,31,6,2526.28,246,421.0466666666667,3
13976,207,1,357.98,1,357.98,0
13978,15,2,196.79000000000002,31,98.39500000000001,1
13979,73,1,869.87,1,869.87,0
13980,60,1,200.14,1,200.14,1
13982,39,4,1871.81,327,467.9525,2
13983,30,12,2603.43,338,216.9525,3
13984,27,5,920.51,340,184.102,2
13985,4,15,7060.13,261,470.67533333333336,3
13986,17,1,320.46,1,320.46,0
13988,20,6,4147.96,235,691.3266666666667,3
13989,66,2,1266.08,174,633.04,2
13990,213,1,311.3,1,311.3,0
13991,12,6,854.97,132,142.495,2
13992,30,1,76.8,1,76.8,1
13993,43,9,3466.36,288,385.1511111111111,3
13994,4,6,2313.14,145,385.5233333333333,3
13995,15,5,1393.69,231,278.738,2
13999,10,12,3901.81,352,325.1508333333333,3
14000,211,1,635.66,1,635.66,0
14001,46,3,2043.0800000000002,328,681.0266666666668,2
14002,134,2,529.73,23,264.865,2
14004,43,7,4582.64,246,654.6628571428572,3
14005,10,5,2874.72,207,574.944,3
14006,116,3,962.19,197,320.73,2
14009,198,2,695.61,8,347.805,0
14012,278,1,328.8,1,328.8,0
14013,110,3,473.02,166,157.67333333333332,2
14014,77,1,505.18,1,505.18,0
14015,53,1,917.34,1,917.34,0
14016,162,4,4341.21,196,1085.3025,3
14019,47,3,1421.61,92,473.86999999999995,2
14020,17,2,642.8,72,321.4,2
14021,155,3,631.9,102,210.63333333333333,2
14022,225,1,440.0,1,440.0,0
14023,7,2,584.07,243,292.035,2
14024,122,2,327.7,3,163.85,1
14027,61,1,104.82,1,104.82,1
14029,63,2,467.66,81,233.83,2
14030,18,8,2360.09,349,295.01125,3
14031,7,19,17286.86,366,909.8347368421053,3
14032,2,11,2975.59,365,270.5081818181818,3
14034,22,3,651.8199999999999,136,217.2733333333333,2
14035,29,5,1428.02,269,285.604,2
14036,285,1,626.65,1,626.65,0
14037,176,2,147.20000000000002,189,73.60000000000001,1
14038,78,3,1560.38,129,520.1266666666667,2
14039,33,1,152.2,1,152.2,1
14040,41,12,3614.92,291,301.24333333333334,3
14041,266,1,141.41,1,141.41,1
14044,27,4,652.82,284,163.205,2
14045,109,4,1659.75,265,414.9375,2
14046,284,1,151.59,1,151.59,1
14047,9,5,1308.6100000000001,365,261.72200000000004,3
14048,305,1,409.93,1,409.93,0
14049,17,4,5681.72,302,1420.43,3
14050,32,2,746.36,75,373.18,2
14051,1,23,15610.390000000001,366,678.7126086956522,3
14052,20,1,225.36,1,225.36,1
14053,124,2,260.25,36,130.125,1
14054,65,1,92.46,1,92.46,1
14055,106,1,725.6400000000001,1,725.6400000000001,0
14056,1,23,8214.65,283,357.1586956521739,3
14057,24,17,6217.96,337,365.76235294117646,3
14059,267,1,183.6,1,183.6,1
14060,5,19,6140.42,369,323.18,3
14062,10,12,10464.85,355,872.0708333333333,3
14064,29,5,1353.74,246,270.748,2
14066,267,1,152.55,1,152.55,1
14067,64,2,374.7,33,187.35,2
14068,320,1,265.85,1,265.85,0
14071,4,8,1424.0,262,178.0,3
14073,32,1,151.04,1,151.04,1
14075,5,3,942.26,257,314.08666666666664,2
14076,129,1,122.47,1,122.47,1
14077,41,5,499.41999999999996,234,99.88399999999999,2
14078,102,6,1049.37,272,174.89499999999998,2
14079,125,1,375.1,1,375.1,0
14080,33,1,45.599999999999994,1,45.599999999999994,1
14081,302,2,934.52,68,467.26,2
14082,365,1,182.25,1,182.25,1
14083,4,9,1018.43,368,113.15888888888888,3
14085,2,18,4448.54,367,247.14111111111112,3
14087,3,1,194.42,1,194.42,1
14088,10,13,50491.81,313,3883.9853846153846,3
14089,57,1,161.0,1,161.0,1
14090,325,1,76.32000000000001,1,76.32000000000001,1
14092,8,14,4076.91,351,291.2078571428571,3
14093,12,1,442.85,1,442.85,0
14096,4,17,53258.43,98,3132.8488235294117,3
14098,37,1,147.35,1,147.35,1
14099,16,11,3104.17,339,282.1972727272727,3
14100,138,1,194.9,1,194.9,1
14101,74,6,5976.79,253,996.1316666666667,3
14102,5,5,1360.28,40,272.056,3
14104,155,2,216.20999999999998,12,108.10499999999999,1
14105,239,1,1266.23,1,1266.23,0
14107,52,7,2703.23,313,386.17571428571426,3
14108,31,2,597.91,71,298.955,2
14109,73,1,144.2,1,144.2,1
14110,4,12,5683.15,264,473.5958333333333,3
14111,14,4,692.85,228,173.2125,2
14112,23,7,2915.15,254,416.45,3
14113,4,4,1840.42,352,460.105,3
14114,274,2,386.53,57,193.265,2
14116,20,5,1382.74,102,276.548,2
14117,144,1,90.0,1,90.0,1
14121,4,4,2780.15,57,695.0375,3
14124,84,1,419.58000000000004,1,419.58000000000004,0
14125,11,3,2740.43,68,913.4766666666666,3
14126,8,3,706.1300000000001,3,235.3766666666667,2
14127,123,3,709.71,188,236.57000000000002,2
14128,61,2,637.5,196,318.75,2
14129,2,5,1123.8600000000001,260,224.77200000000002,3
14130,319,1,483.86,1,483.86,0
14132,2,11,3586.0299999999997,182,326.00272727272727,3
14133,130,3,605.64,187,201.88,2
14135,2,15,4690.31,372,312.68733333333336,3
14138,2,2,982.3800000000001,63,491.19000000000005,2
14139,46,1,415.82,1,415.82,0
14140,4,2,935.05,28,467.525,2
14141,3,4,915.13,103,228.7825,2
14142,373,1,311.81,1,311.81,0
14143,134,1,115.8,1,115.8,1
14145,47,4,3742.2,171,935.55,3
14146,9,5,4191.0,349,838.2,3
14147,78,2,483.4,208,241.7,2
14148,234,1,157.2,1,157.2,1
14149,221,1,446.62,1,446.62,0
14150,36,2,658.64,325,329.32,2
14152,75,2,621.29,159,310.645,2
14154,239,2,1345.62,1,672.81,0
14155,266,1,118.75,1,118.75,1
14156,10,55,117379.63,362,2134.175090909091,3
14157,20,2,432.88,266,216.44,2
14158,40,1,507.66,1,507.66,0
14159,20,11,4690.64,344,426.4218181818182,3
14161,216,3,1110.52,154,370.17333333333335,2
14162,174,2,289.36,119,144.68,2
14163,87,4,2445.91,152,611.4775,2
14164,71,2,1631.77,11,815.885,0
14165,276,1,122.53999999999999,1,122.53999999999999,1
14167,39,4,574.84,292,143.71,2
14171,98,1,363.79,1,363.79,0
14173,11,4,450.84,209,112.71,2
14174,33,1,134.46,1,134.46,1
14175,60,3,3222.3,270,1074.1000000000001,3
14176,297,4,576.9000000000001,71,144.22500000000002,2
14177,86,4,559.41,94,139.8525,2
14178,9,7,1600.93,174,228.70428571428573,3
14179,41,2,719.78,12,359.89,0
14180,11,25,4748.52,362,189.94080000000002,3
14184,67,1,452.89,1,452.89,0
14185,331,1,197.65,1,197.65,1
14188,31,6,2054.36,280,342.3933333333334,3
14189,2,15,4654.08,367,310.272,3
14191,2,13,4684.76,219,360.36615384615385,3
14193,68,2,853.39,202,426.695,2
14194,5,21,11349.52,304,540.4533333333334,3
14195,202,2,1012.0,51,506.0,2
14196,107,1,335.52,1,335.52,0
14198,18,4,701.4,222,175.35,2
14199,218,1,185.39999999999998,1,185.39999999999998,1
14201,60,7,747.44,300,106.77714285714286,2
14204,2,1,161.03,1,161.03,1
14205,17,2,466.7,248,233.35,2
14206,239,1,328.15999999999997,1,328.15999999999997,0
14208,95,1,151.74,1,151.74,1
14209,11,6,2073.43,322,345.57166666666666,3
14210,106,6,1905.8400000000001,266,317.64000000000004,2
14211,53,9,2241.1,242,249.0111111111111,3
14212,90,1,1070.48,1,1070.48,0
14214,31,5,1004.38,247,200.876,2
14215,12,6,1789.72,357,298.2866666666667,3
14216,3,4,1839.3,35,459.825,3
14217,2,17,2004.98,365,117.94,3
14218,43,1,169.48000000000002,1,169.48000000000002,1
14219,4,1,89.94,1,89.94,1
14220,247,2,632.4,111,316.2,2
14221,42,9,3432.8,297,381.4222222222222,3
14222,177,1,683.17,1,683.17,0
14223,92,3,991.13,172,330.37666666666667,2
14224,110,4,1050.12,210,262.53,2
14226,29,5,2232.19,241,446.438,3
14227,26,10,3350.96,259,335.096,3
14229,52,3,1547.2,282,515.7333333333333,2
14231,184,3,925.71,105,308.57,2
14232,43,5,2048.07,222,409.61400000000003,2
14233,49,4,1462.72,269,365.68,2
14234,22,4,775.46,36,193.865,2
14235,75,5,3144.86,186,628.972,3
14236,81,2,490.86,292,245.43,2
14237,373,1,161.0,1,161.0,1
14238,326,1,146.85,1,146.85,1
14239,43,11,2380.85,273,216.4409090909091,3
14240,30,2,890.34,196,445.17,2
14241,184,1,213.70000000000002,1,213.70000000000002,1
14242,235,2,280.55,92,140.275,2
14243,9,10,2588.77,358,258.877,3
14245,220,2,1693.45,44,846.725,0
14246,111,3,1474.06,136,491.3533333333333,2
14247,278,1,136.76999999999998,1,136.76999999999998,1
14248,318,1,302.58,1,302.58,0
14250,7,3,1904.05,83,634.6833333333333,3
14251,2,5,2879.7000000000003,56,575.94,3
14256,260,2,969.0600000000001,105,484.53000000000003,2
14257,64,5,3099.7200000000003,255,619.9440000000001,3
14258,9,9,12669.98,329,1407.7755555555555,3
14259,142,1,120.0,1,120.0,1
14261,51,2,1163.45,28,581.725,2
14262,8,8,2618.23,233,327.27875,3
14264,155,2,333.97,91,166.985,2
14265,109,2,530.18,40,265.09,2
14267,163,3,1516.24,98,505.41333333333336,2
14270,332,1,492.65000000000003,1,492.65000000000003,0
14271,226,1,112.32,1,112.32,1
14272,74,2,437.96,181,218.98,2
14273,51,4,559.97,191,139.9925,2
14276,99,3,1119.74,192,373.24666666666667,2
14277,15,3,4180.2,198,1393.3999999999999,3
14280,197,1,134.04,1,134.04,1
14282,3,15,3729.34,365,248.62266666666667,3
14284,31,2,595.25,56,297.625,2
14285,21,4,1910.01,156,477.5025,3
14286,24,3,4628.75,220,1542.9166666666667,3
14287,8,3,176.63,191,58.876666666666665,2
14288,213,1,426.6,1,426.6,0
14289,9,6,911.26,281,151.87666666666667,2
14290,11,5,2314.65,351,462.93,3
14291,2,11,3883.25,274,353.02272727272725,3
14292,8,9,4871.93,276,541.3255555555556,3
14293,3,4,1046.56,366,261.64,3
14295,40,1,166.20000000000002,1,166.20000000000002,1
14297,18,4,1305.33,258,326.3325,2
14298,8,44,51527.3,353,1171.075,3
14299,8,9,3965.62,358,440.6244444444444,3
14300,19,1,43.2,1,43.2,1
14301,117,1,640.14,1,640.14,0
14304,223,1,383.45,1,383.45,0
14305,71,3,1858.96,65,619.6533333333333,2
14306,51,2,2093.32,35,1046.66,0
14307,89,6,2995.72,285,499.28666666666663,3
14309,8,9,2352.53,351,261.39222222222224,3
14311,243,1,310.26,1,310.26,0
14312,47,6,1611.59,291,268.5983333333333,2
14314,107,1,120.0,1,120.0,1
14315,45,6,2481.13,222,413.5216666666667,3
14317,65,1,508.58000000000004,1,508.58000000000004,0
14320,207,2,477.79,127,238.895,2
14321,11,5,1530.75,323,306.15,3
14323,115,2,605.0600000000001,124,302.53000000000003,2
14326,242,1,183.85,1,183.85,1
14327,163,1,311.65,1,311.65,0
14329,17,7,5014.84,313,716.4057142857143,3
14331,124,2,462.65999999999997,11,231.32999999999998,0
14332,23,3,866.31,126,288.77,2
14333,68,1,415.2,1,415.2,0
14334,17,8,2552.21,342,319.02625,3
14335,16,2,468.26,81,234.13,2
14336,17,4,1614.91,260,403.7275,2
14338,161,2,588.22,36,294.11,2
14339,243,1,309.52,1,309.52,0
14340,219,1,134.7,1,134.7,1
14341,45,8,2182.28,274,272.785,3
14342,21,4,668.5600000000001,189,167.14000000000001,2
14344,127,8,889.9300000000001,242,111.24125000000001,2
14345,39,1,108.97999999999999,1,108.97999999999999,1
14346,121,2,1021.58,177,510.79,2
14348,260,1,409.57,1,409.57,0
14349,10,1,133.5,1,133.5,1
14350,274,1,282.93,1,282.93,0
14351,165,1,51.0,1,51.0,1
14352,157,4,1078.96,117,269.74,2
14353,215,1,90.6,1,90.6,1
14354,6,2,163.62,25,81.81,1
14355,366,1,174.4,1,174.4,1
14356,80,2,701.23,2,350.615,0
14357,43,1,225.77,1,225.77,1
14359,19,3,912.18,69,304.06,2
14360,32,4,2128.23,63,532.0575,2
14362,22,1,161.2,1,161.2,1
14364,109,8,3717.35,103,464.66875,3
14367,8,16,9261.52,268,578.845,3
14368,320,1,155.0,1,155.0,1
14371,295,1,100.5,1,100.5,1
14373,358,1,76.55,1,76.55,1
14375,185,1,257.68,1,257.68,0
14377,191,2,617.05,71,308.525,2
14379,44,2,348.1,252,174.05,2
14381,52,1,202.68,1,202.68,1
14382,26,1,626.0699999999999,1,626.0699999999999,0
14383,38,3,1247.69,126,415.8966666666667,2
14385,9,3,202.11,15,67.37,1
14386,297,1,142.4,1,142.4,1
14387,33,3,1770.56,77,590.1866666666666,2
14388,10,8,3212.84,363,401.605,3
14389,65,2,1043.46,126,521.73,2
14390,10,9,4652.82,363,516.98,3
14393,218,1,67.95,1,67.95,1
14395,2,9,3507.71,370,389.74555555555554,3
14396,65,2,487.99,307,243.995,2
14397,3,19,2612.96,211,137.52421052631578,3
14400,149,1,574.7,1,574.7,0
14401,4,13,4051.48,356,311.6523076923077,3
14403,130,4,1475.81,117,368.9525,2
14404,34,6,1474.32,336,245.72,2
14406,119,1,156.75,1,156.75,1
14407,107,5,2142.73,170,428.546,2
14408,11,7,2606.53,254,372.3614285714286,3
14409,71,6,2059.4500000000003,298,343.24166666666673,2
14410,92,9,1104.07,214,122.67444444444443,2
14411,311,1,1063.0,1,1063.0,0
14412,43,2,770.03,31,385.015,2
14413,362,1,122.7,1,122.7,1
14414,92,7,1496.98,268,213.8542857142857,2
14415,1,13,5900.28,360,453.86769230769227,3
14416,22,2,490.22,21,245.11,2
14418,4,3,1937.25,105,645.75,3
14419,11,6,1058.06,355,176.34333333333333,2
14420,99,1,387.52,1,387.52,0
14421,57,2,813.11,155,406.555,2
14422,1,6,4263.64,267,710.6066666666667,3
14423,218,1,265.2,1,265.2,0
14424,18,1,322.08,1,322.08,0
14426,24,10,4481.67,290,448.16700000000003,3
14427,50,2,363.34000000000003,14,181.67000000000002,2
14428,7,5,1244.83,318,248.96599999999998,3
14431,303,1,470.36,1,470.36,0
14432,10,6,2255.51,80,375.91833333333335,3
14434,22,6,1372.8,51,228.79999999999998,2
14436,99,1,89.06,1,89.06,1
14437,366,1,63.0,1,63.0,1
14438,306,1,131.9,1,131.9,1
14439,320,1,2661.24,1,2661.24,0
14440,8,5,2357.6800000000003,358,471.53600000000006,3
14441,1,4,1712.89,255,428.2225,3
14442,205,2,1589.82,113,794.91,2
14443,54,4,1420.2,315,355.05,2
14446,1,4,1034.78,246,258.695,3
14447,19,5,1163.23,262,232.64600000000002,2
14448,9,2,375.35,355,187.675,2
14449,19,4,907.1,354,226.775,2
14450,181,3,483.25,140,161.08333333333334,2
14451,60,2,662.59,135,331.295,2
14452,11,2,264.44,84,132.22,2
14453,190,1,119.93,1,119.93,1
14456,5,9,3059.44,138,339.9377777777778,3
14457,311,1,113.64,1,113.64,1
14459,155,1,1837.92,1,1837.92,0
14460,110,3,434.34,201,144.78,2
14461,148,3,2102.67,114,700.89,2
14462,66,11,1999.02,274,181.7290909090909,3
14463,98,3,529.62,108,176.54,2
14465,247,3,1058.6200000000001,57,352.8733333333334,2
14466,29,7,2272.4,344,324.62857142857143,3
14467,18,4,598.76,296,149.69,2
14470,12,2,461.19,276,230.595,2
14472,104,8,1936.84,252,242.105,2
14473,74,2,234.34000000000003,209,117.17000000000002,2
14474,46,1,547.66,1,547.66,0
14475,72,3,925.85,234,308.6166666666667,2
14476,257,1,215.7,1,215.7,1
14477,20,4,1309.6,278,327.4,2
14479,254,2,316.25,112,158.125,2
14480,11,1,279.05,1,279.05,0
14481,165,2,636.51,123,318.255,2
14482,18,6,2068.15,221,344.69166666666666,3
14483,282,1,137.1,1,137.1,1
14484,50,1,321.92,1,321.92,0
14485,39,1,165.75,1,165.75,1
14487,27,6,1196.33,342,199.38833333333332,2
14488,68,1,1064.28,1,1064.28,0
14489,207,1,463.38,1,463.38,0
14491,175,2,340.93,198,170.465,2
14493,7,5,2383.2400000000002,148,476.648,3
14494,26,1,139.56,1,139.56,1
14495,51,2,123.8,71,61.9,1
14496,312,2,538.8100000000001,62,269.40500000000003,2
14497,309,1,475.37,1,475.37,0
14498,43,5,1957.32,320,391.464,2
14499,26,3,815.32,253,271.77333333333337,2
14500,88,3,356.85,102,118.95,2
14501,184,2,251.21,137,125.605,2
14502,20,11,2467.63,294,224.33,3
14503,3,6,3543.26,176,590.5433333333334,3
14504,47,4,673.26,232,168.315,2
14505,17,8,5905.64,345,738.205,3
14506,17,5,2012.17,352,402.434,3
14507,24,6,1383.18,253,230.53,2
14508,22,2,276.42,68,138.21,2
14511,11,5,1314.81,123,262.962,2
14512,188,2,275.28,45,137.64,1
14513,101,3,455.59000000000003,189,151.86333333333334,2
14514,61,3,1055.35,271,351.7833333333333,2
14515,18,6,2102.09,201,350.34833333333336,3
14517,33,2,330.45,109,165.225,2
14518,64,1,174.37,1,174.37,1
14520,2,2,270.6,290,135.3,2
14522,24,4,974.54,174,243.635,2
14523,108,1,241.09,1,241.09,1
14524,32,9,1867.68,330,207.52,3
14525,20,9,4332.2,342,481.35555555555555,3
14527,3,55,8507.82,367,154.68763636363636,3
14528,37,1,364.21999999999997,1,364.21999999999997,0
14529,60,3,620.04,51,206.67999999999998,2
14530,26,6,2925.91,271,487.65166666666664,3
14532,236,4,932.85,116,233.2125,2
14533,25,7,1949.72,329,278.5314285714286,3
14534,3,18,4445.4,316,246.96666666666664,3
14535,60,3,2864.19,189,954.73,2
14536,260,1,171.8,1,171.8,1
14537,58,1,355.56,1,355.56,0
14538,65,2,388.25,192,194.125,2
14539,16,2,537.48,29,268.74,2
14540,10,3,996.26,300,332.08666666666664,2
14541,59,8,1461.65,261,182.70625,2
14542,186,1,103.25,1,103.25,1
14543,29,16,3590.68,337,224.4175,3
14544,24,2,2024.45,338,1012.225,2
14546,5,5,2578.09,244,515.618,3
14547,4,8,4007.54,51,500.9425,3
14548,151,2,652.8,168,326.4,2
14549,311,1,289.24,1,289.24,0
14550,11,2,765.62,34,382.81,2
14551,18,2,186.23,186,93.115,2
14552,152,1,165.07,1,165.07,1
14553,19,5,859.27,320,171.85399999999998,2
14554,10,4,2381.04,43,595.26,3
14555,57,2,324.14,245,162.07,2
14557,85,1,788.38,1,788.38,0
14560,7,22,2237.77,351,101.71681818181818,3
14561,76,3,1080.76,109,360.25333333333333,2
14562,4,18,5074.77,301,281.9316666666667,3
14565,96,4,3099.12,266,774.78,2
14566,111,1,1432.0,1,1432.0,0
14567,57,2,1530.3600000000001,74,765.1800000000001,2
14569,1,1,227.39,1,227.39,1
14570,281,2,217.21,1,108.605,1
14572,3,7,2832.84,321,404.6914285714286,3
14573,180,9,1653.42,193,183.71333333333334,2
14576,372,1,35.400000000000006,1,35.400000000000006,1
14577,13,4,859.71,351,214.9275,2
14578,3,1,168.63,1,168.63,1
14581,17,1,138.6,1,138.6,1
14582,41,1,114.11,1,114.11,1
14583,6,5,1052.55,201,210.51,2
14584,169,4,1042.26,30,260.565,2
14585,50,1,157.05,1,157.05,1
14586,277,1,237.36,1,237.36,1
14587,19,9,1601.14,313,177.90444444444447,3
14589,372,1,39.75,1,39.75,1
14591,15,4,1447.14,198,361.785,2
14592,35,3,570.46,29,190.15333333333334,2
14593,22,3,617.99,178,205.99666666666667,2
14594,7,2,379.83,366,189.915,2
14595,20,6,1740.6,294,290.09999999999997,3
14597,11,2,883.15,181,441.575,2
14598,44,1,221.97,1,221.97,1
14600,306,1,393.33000000000004,1,393.33000000000004,0
14601,11,1,213.96,1,213.96,1
14603,275,1,660.0,1,660.0,0
14606,1,91,12021.65,373,132.10604395604395,3
14607,16,12,15021.5,246,1251.7916666666667,3
14608,4,4,1785.15,359,446.2875,3
14609,72,4,601.56,225,150.39,2
14616,243,3,406.08000000000004,75,135.36,2
14618,9,3,553.44,329,184.48000000000002,2
14619,246,1,394.44,1,394.44,0
14620,206,2,412.78000000000003,79,206.39000000000001,2
14621,1,5,1788.3600000000001,358,357.672,3
14622,185,1,320.58000000000004,1,320.58000000000004,0
14623,32,5,884.57,204,176.91400000000002,2
14624,57,2,225.85,2,112.925,1
14625,196,2,899.63,165,449.815,2
14626,24,4,2791.27,210,697.8175,3
14628,91,2,671.96,152,335.98,2
14629,4,2,959.01,44,479.505,2
14631,51,3,1006.98,249,335.66,2
14632,263,1,114.56,1,114.56,1
14633,266,1,344.90000000000003,1,344.90000000000003,0
14636,36,2,609.85,233,304.925,2
14638,51,1,443.6,1,443.6,0
14639,52,6,2984.49,310,497.41499999999996,3
14640,24,6,2125.08,204,354.18,3
14641,22,1,110.46,1,110.46,1
14642,59,1,96.12,1,96.12,1
14643,170,2,693.8100000000001,188,346.90500000000003,2
14644,68,2,830.76,231,415.38,2
14645,157,2,597.09,119,298.545,2
14646,2,72,279138.02,354,3876.9169444444447,3
14647,201,1,243.22,1,243.22,1
14649,5,4,1417.29,208,354.3225,3
14651,67,2,654.6,144,327.3,2
14652,77,1,114.18,1,114.18,1
14653,1,7,1937.6,338,276.8,3
14655,8,4,1932.23,215,483.0575,3
14656,169,2,291.05,115,145.525,2
14657,18,4,848.22,309,212.055,2
14658,5,2,247.15,112,123.575,2
14659,9,9,2529.93,307,281.1033333333333,3
14660,87,2,285.74,15,142.87,1
14661,27,1,107.95,1,107.95,1
14662,29,4,771.17,288,192.7925,2
14664,20,2,637.89,14,318.945,2
14665,61,5,1835.7,251,367.14,2
14666,24,1,179.95,1,179.95,1
14667,11,25,9236.95,358,369.478,3
14669,242,3,1269.99,91,423.33,2
14670,280,2,411.53,1,205.765,1
14672,235,2,765.55,102,382.775,2
14673,3,5,1736.4,365,347.28000000000003,3
14675,16,1,604.75,1,604.75,0
14676,31,6,2548.2400000000002,252,424.7066666666667,3
14680,25,16,28754.11,347,1797.131875,3
14681,71,3,498.95,141,166.31666666666666,2
14682,188,2,52.0,14,26.0,1
14684,26,5,1236.28,337,247.256,2
14687,107,1,628.38,1,628.38,0
14688,8,21,5630.87,367,268.13666666666666,3
14689,209,1,112.8,1,112.8,1
14690,44,2,371.7,108,185.85,2
14691,31,5,2114.33,183,422.866,3
14692,137,4,591.55,186,147.8875,2
14693,265,1,172.9,1,172.9,1
14696,4,7,2078.95,369,296.99285714285713,3
14697,218,2,188.60999999999999,1,94.30499999999999,1
14698,2,5,1250.76,50,250.152,3
14699,214,1,109.13000000000001,1,109.13000000000001,1
14700,32,3,2235.3,207,745.1,2
14701,11,9,2549.37,306,283.2633333333333,3
14702,1,17,3292.14,365,193.65529411764706,3
14703,15,1,318.17,1,318.17,0
14704,11,9,1544.57,169,171.61888888888888,3
14705,199,1,179.0,1,179.0,1
14708,3,3,1126.37,366,375.45666666666665,3
14709,15,13,4921.04,344,378.54153846153844,3
14710,14,4,606.13,46,151.5325,2
14711,10,11,2868.8,253,260.8,3
14712,29,3,917.07,83,305.69,2
14713,9,11,2666.36,356,242.39636363636365,3
14714,24,1,160.19,1,160.19,1
14715,25,4,867.38,307,216.845,2
14716,43,2,329.68,106,164.84,2
14719,2,5,1602.13,248,320.42600000000004,3
14720,6,3,663.81,121,221.26999999999998,2
14722,147,1,187.92000000000002,1,187.92000000000002,1
14723,10,6,1156.6,362,192.76666666666665,2
14725,25,1,718.08,1,718.08,0
14727,274,1,268.58,1,268.58,0
14729,374,1,313.49,1,313.49,0
14730,1,8,2005.06,276,250.6325,3
14731,47,3,380.02,166,126.67333333333333,2
14732,8,8,2702.4900000000002,331,337.81125000000003,3
14733,16,12,9585.91,352,798.8258333333333,3
14735,4,31,6050.69,355,195.18354838709675,3
14737,4,3,1164.55,350,388.18333333333334,3
14738,43,7,1314.45,274,187.77857142857144,2
14739,4,7,3902.28,364,557.4685714285714,3
14740,197,3,1448.21,87,482.7366666666667,2
14741,12,6,1400.34,362,233.39,3
14744,16,7,1099.98,351,157.14000000000001,2
14745,113,5,1220.26,173,244.052,2
14747,249,1,328.2,1,328.2,0
14748,29,5,1415.75,340,283.15,2
14752,44,1,389.64,1,389.64,0
14753,87,1,563.15,1,563.15,0
14754,45,2,638.05,251,319.025,2
14755,10,11,5010.28,325,455.47999999999996,3
14756,15,1,738.96,1,738.96,0
14757,75,1,420.5,1,420.5,0
14758,145,4,1484.06,115,371.015,2
14759,5,3,1625.97,229,541.99,3
14760,297,1,89.2,1,89.2,1
14761,59,2,255.9,277,127.95,2
14762,264,1,300.52,1,300.52,0
14764,47,1,278.3,1,278.3,0
14765,29,3,254.11,148,84.70333333333333,2
14766,8,6,2473.37,359,412.2283333333333,3
14768,17,2,192.60000000000002,110,96.30000000000001,2
14769,3,8,10673.1,355,1334.1375,3
14770,232,2,876.42,91,438.21,2
14772,112,1,139.26,1,139.26,1
14775,58,3,1011.9,314,337.3,2
14776,51,11,2538.3,262,230.75454545454548,3
14778,127,2,730.86,182,365.43,2
14779,281,3,386.15,44,128.71666666666667,2
14780,55,2,447.68,25,223.84,2
14782,320,1,200.10000000000002,1,200.10000000000002,1
14784,26,2,289.99,298,144.995,2
14785,10,2,77.4,5,38.7,1
14788,7,2,679.4399999999999,20,339.71999999999997,2
14789,29,1,197.64,1,197.64,1
14790,17,4,745.06,237,186.265,2
14792,64,1,6.2,1,6.2,1
14793,21,1,228.99,1,228.99,1
14794,3,7,1319.91,332,188.55857142857144,3
14795,166,1,131.45000000000002,1,131.45000000000002,1
14796,1,17,8020.93,366,471.8194117647059,3
14798,53,3,173.74,258,57.913333333333334,2
14799,51,1,157.7,1,157.7,1
14800,48,12,4339.74,323,361.645,3
14801,61,1,193.14,1,193.14,1
14803,162,3,845.55,131,281.84999999999997,2
14804,9,1,353.27,1,353.27,0
14805,15,4,554.65,299,138.6625,2
14806,75,1,193.39000000000001,1,193.39000000000001,1
14808,40,8,2741.17,133,342.64625,3
14810,41,11,2087.88,329,189.80727272727273,3
14813,370,2,155.43,1,77.715,1
14815,37,2,778.5,32,389.25,2
14816,197,1,271.85,1,271.85,0
14817,200,2,1110.34,77,555.17,2
14818,74,3,657.8,180,219.26666666666665,2
14819,64,2,272.07,128,136.035,2
14820,21,4,507.29,153,126.8225,2
14821,367,1,48.800000000000004,1,48.800000000000004,1
14823,180,3,321.43,15,107.14333333333333,1
14824,10,4,1127.71,82,281.9275,2
14825,4,12,2226.91,365,185.57583333333332,3
14828,197,3,2139.76,141,713.2533333333334,2
14829,29,4,697.55,344,174.3875,2
14830,53,1,196.28,1,196.28,1
14834,18,6,1720.3,223,286.71666666666664,3
14836,10,3,102.44999999999999,21,34.15,1
14837,90,4,1649.5,112,412.375,2
14840,268,1,62.85,1,62.85,1
14841,53,6,3295.76,306,549.2933333333334,3
14842,44,4,2824.69,265,706.1725,3
14844,64,4,3189.81,178,797.4525,3
14847,149,1,309.4,1,309.4,0
14849,22,25,7930.54,352,317.2216,3
14850,312,1,325.75,1,325.75,0
14851,23,2,511.35,233,255.675,2
14852,58,6,2836.69,194,472.7816666666667,3
14853,24,2,475.8,188,237.9,2
14854,78,7,2759.83,197,394.26142857142855,3
14855,119,2,645.65,16,322.825,0
14856,36,3,1311.3799999999999,21,437.1266666666666,2
14857,60,2,1173.12,89,586.56,2
14859,13,4,1353.74,192,338.435,2
14860,19,1,170.32,1,170.32,1
14861,52,1,125.79,1,125.79,1
14862,26,2,841.1999999999999,123,420.59999999999997,2
14863,29,1,266.76,1,266.76,0
14865,7,2,52.2,365,26.1,1
14866,11,11,14353.4,356,1304.8545454545454,3
14867,186,3,710.28,151,236.76,2
14868,3,8,2953.59,231,369.19875,3
14869,9,2,725.7,95,362.85,2
14870,262,1,327.25,1,327.25,0
14871,3,4,522.38,358,130.595,2
14873,210,1,519.68,1,519.68,0
14875,108,2,1465.3200000000002,156,732.6600000000001,2
14878,13,9,1485.54,346,165.06,3
14880,77,3,706.19,212,235.39666666666668,2
14881,20,1,255.4,1,255.4,0
14882,27,2,589.7,8,294.85,2
14883,19,6,761.59,194,126.93166666666667,2
14885,132,1,765.3199999999999,1,765.3199999999999,0
14886,253,1,364.8,1,364.8,0
14887,79,1,1862.0,1,1862.0,0
14888,207,1,369.2,1,369.2,0
14889,336,1,135.9,1,135.9,1
14890,254,1,125.65,1,125.65,1
14891,148,2,554.38,40,277.19,2
14893,10,2,1237.8500000000001,3,618.9250000000001,0
14894,85,1,655.75,1,655.75,0
14895,8,20,11138.710000000001,283,556.9355,3
14896,205,2,468.77000000000004,161,234.38500000000002,2
14897,8,4,1366.38,290,341.595,3
14898,23,6,1303.52,348,217.25333333333333,2
14901,11,9,1421.29,362,157.92111111111112,3
14902,26,1,332.66,1,332.66,0
14903,21,5,2810.63,258,562.126,3
14904,2,2,1025.44,24,512.72,2
14905,158,2,616.15,77,308.075,2
14907,3,7,3501.1,365,500.15714285714284,3
14908,74,1,277.8,1,277.8,0
14910,3,4,434.35,52,108.5875,2
14911,1,199,140450.72,373,705.7825125628141,3
14912,17,2,867.85,230,433.925,2
14913,36,4,1227.43,324,306.8575,2
14915,91,2,307.48,187,153.74,2
14916,71,4,1268.98,254,317.245,2
14918,116,2,1610.15,39,805.075,0
14920,213,2,977.77,1,488.885,0
14921,30,2,1316.07,172,658.035,2
14923,51,1,749.1,1,749.1,0
14924,246,1,310.05,1,310.05,0
14929,32,1,223.88,1,223.88,1
14930,109,3,2372.86,166,790.9533333333334,2
14931,5,4,964.6800000000001,237,241.17000000000002,2
14932,366,1,363.53,1,363.53,0
14934,82,2,1890.94,201,945.47,2
14935,297,1,1784.71,1,1784.71,0
14936,34,8,8137.02,242,1017.1275,3
14937,57,3,1621.88,74,540.6266666666667,2
14944,30,12,5900.25,267,491.6875,3
14946,14,1,100.9,1,100.9,1
14947,72,2,290.82,59,145.41,2
14948,23,6,1101.97,197,183.66166666666666,2
14950,19,1,371.2,1,371.2,0
14951,79,1,311.69,1,311.69,0
14952,60,11,8099.49,305,736.3172727272727,3
14953,25,1,289.82,1,289.82,0
14954,12,1,336.17,1,336.17,0
14957,253,1,58.49,1,58.49,1
14958,147,3,499.68,99,166.56,2
14959,64,4,695.42,233,173.855,2
14960,8,2,221.27,163,110.635,2
14961,11,9,7044.68,350,782.7422222222223,3
14962,271,1,126.7,1,126.7,1
14963,10,5,1487.8,174,297.56,3
14964,247,1,206.21,1,206.21,1
14965,96,2,599.0,1,299.5,0
14966,15,1,191.32,1,191.32,1
14967,50,1,463.8,1,463.8,0
14968,30,1,147.59,1,147.59,1
14970,68,4,1592.06,249,398.015,2
14971,35,3,1116.57,9,372.19,2
14972,128,1,114.77,1,114.77,1
14973,107,3,1314.45,119,438.15000000000003,2
14974,37,1,114.39,1,114.39,1
14975,57,1,279.94,1,279.94,0
14976,57,6,774.86,270,129.14333333333335,2
14978,72,5,1931.42,259,386.284,2
14981,246,1,102.12,1,102.12,1
14984,19,2,213.27,162,106.635,2
14985,198,2,296.75,160,148.375,2
14987,16,2,326.4,350,163.2,2
14988,212,1,334.54,1,334.54,0
14995,39,2,233.23000000000002,242,116.61500000000001,2
14997,46,3,546.1999999999999,132,182.06666666666663,2
14998,170,2,429.87,72,214.935,2
15000,48,1,490.52,1,490.52,0
15002,116,4,1641.76,252,410.44,2
15004,147,1,1245.93,1,1245.93,0
15005,16,28,6314.87,351,225.53107142857144,3
15006,51,1,497.14,1,497.14,0
15007,159,1,156.91,1,156.91,1
15009,12,3,1261.78,13,420.5933333333333,2
15010,36,1,308.94,1,308.94,0
15012,54,2,423.04,320,211.52,2
15014,43,2,260.17,134,130.085,2
15016,173,1,170.04,1,170.04,1
15017,34,1,125.58,1,125.58,1
15018,39,3,496.21000000000004,330,165.40333333333334,2
15019,267,1,266.0,1,266.0,0
15021,9,9,1914.82,358,212.75777777777776,3
15022,12,4,905.04,36,226.26,2
15023,3,11,6783.86,367,616.7145454545454,3
15024,10,10,1661.33,358,166.13299999999998,3
15025,33,1,377.01,1,377.01,0
15026,80,3,464.2,198,154.73333333333332,2
15027,31,4,1066.1499999999999,208,266.53749999999997,2
15028,8,4,627.13,361,156.7825,2
15030,72,2,518.28,197,259.14,2
15031,4,4,668.14,278,167.035,2
15032,256,3,4959.1,111,1653.0333333333335,2
15033,5,10,2583.37,325,258.337,3
15034,16,8,4308.61,339,538.57625,3
15035,90,1,252.73000000000002,1,252.73000000000002,0
15036,72,3,465.55,108,155.18333333333334,2
15038,59,6,705.49,312,117.58166666666666,2
15039,10,47,19914.44,360,423.7114893617021,3
15041,170,1,180.35,1,180.35,1
15042,199,1,135.93,1,135.93,1
15043,31,1,537.0,1,537.0,0
15044,19,17,7700.2300000000005,343,452.954705882353,3
15045,152,2,735.66,106,367.83,2
15046,9,15,5194.82,330,346.3213333333333,3
15047,270,1,343.62,1,343.62,0
15048,65,4,384.05,304,96.0125,2
15049,274,1,121.17000000000002,1,121.17000000000002,1
15050,25,3,1782.09,47,594.03,2
15051,23,3,1391.61,128,463.86999999999995,2
15052,319,1,215.78,1,215.78,1
15053,5,3,697.79,278,232.59666666666666,2
15054,12,2,302.1,29,151.05,2
15057,275,2,1489.5,41,744.75,0
15058,25,11,2124.9900000000002,287,193.18090909090913,3
15059,41,9,1337.72,294,148.63555555555556,2
15060,8,4,301.84,1,75.46,1
15061,4,48,54534.14,369,1136.1279166666666,3
15062,71,4,987.86,289,246.965,2
15063,213,1,370.79999999999995,1,370.79999999999995,0
15065,38,4,3158.13,254,789.5325,3
15066,53,1,893.59,1,893.59,0
15067,78,3,1744.76,205,581.5866666666667,2
15068,46,2,553.36,211,276.68,2
15069,179,1,1109.53,1,1109.53,0
15070,373,1,106.2,1,106.2,1
15071,94,2,982.07,183,491.035,2
15073,10,3,1043.41,178,347.80333333333334,2
15074,105,1,748.87,1,748.87,0
15075,78,1,773.03,1,773.03,0
15076,173,1,880.85,1,880.85,0
15078,7,32,9743.11,362,304.4721875,3
15079,213,4,895.61,154,223.9025,2
15081,22,5,504.8,346,100.96000000000001,2
15083,257,1,88.2,1,88.2,1
15087,282,1,306.94,1,306.94,0
15088,21,2,1160.07,46,580.035,2
15089,10,6,2420.84,119,403.47333333333336,3
15090,308,1,381.32,1,381.32,0
15091,68,1,480.71,1,480.71,0
15092,215,2,457.81,69,228.905,2
15093,18,6,4597.02,354,766.1700000000001,3
15095,104,4,1370.6,100,342.65,2
15096,43,1,219.39000000000001,1,219.39000000000001,1
15097,4,1,248.08,1,248.08,0
15098,182,3,39916.5,1,13305.5,0
15099,84,1,410.48,1,410.48,0
15100,334,3,876.0,41,292.0,2
15101,9,2,317.53,351,158.765,2
15103,31,2,703.36,56,351.68,2
15104,197,2,1027.44,86,513.72,2
15105,18,7,2298.93,117,328.4185714285714,3
15106,18,5,1422.52,252,284.504,2
15107,311,6,319.5,62,53.25,1
15108,142,3,1159.25,86,386.4166666666667,2
15109,246,1,484.95,1,484.95,0
15110,24,4,996.1,295,249.025,2
15111,29,3,1567.48,344,522.4933333333333,2
15113,10,3,3608.94,45,1202.98,3
15114,30,10,2760.56,272,276.056,3
15115,18,1,340.11,1,340.11,0
15116,18,4,1352.75,188,338.1875,2
15117,15,5,1551.78,201,310.356,3
15118,134,1,244.8,1,244.8,1
15119,246,1,266.4,1,266.4,0
15120,134,1,358.82,1,358.82,0
15121,50,2,457.72,239,228.86,2
15122,114,3,1633.78,184,544.5933333333334,2
15123,7,2,2199.31,199,1099.655,3
15124,23,2,184.19,170,92.095,2
15125,25,15,11528.48,246,768.5653333333333,3
15127,66,1,406.53,1,406.53,0
15128,60,4,1471.0,160,367.75,2
15129,50,11,3447.4,242,313.40000000000003,3
15130,170,1,330.11,1,330.11,0
15132,18,5,977.9300000000001,245,195.586,2
15133,128,3,982.42,175,327.4733333333333,2
15134,15,8,1387.99,226,173.49875,3
15135,239,1,139.05,1,139.05,1
15136,3,4,1286.7,94,321.675,3
15139,240,2,178.96,97,89.48,1
15140,52,7,2354.25,212,336.32142857142856,3
15142,46,1,498.74,1,498.74,0
15143,226,1,259.45,1,259.45,0
15144,8,17,6580.44,305,387.0847058823529,3
15145,4,4,1194.73,245,298.6825,3
15146,165,2,1327.16,127,663.58,2
15147,240,1,623.5,1,623.5,0
15148,11,1,301.29,1,301.29,0
15149,134,1,520.8000000000001,1,520.8000000000001,0
15150,17,10,5314.47,252,531.447,3
15152,10,13,4745.69,178,365.0530769230769,3
15153,31,1,329.25,1,329.25,0
15154,75,1,296.42,1,296.42,0
15156,1,3,961.49,33,320.49666666666667,3
15157,4,3,1936.07,355,645.3566666666667,3
15158,45,1,401.40000000000003,1,401.40000000000003,0
15159,2,30,18641.010000000002,360,621.3670000000001,3
15160,357,1,158.16,1,158.16,1
15163,18,2,304.47,174,152.235,2
15164,69,3,843.05,271,281.01666666666665,2
15165,373,1,487.75,1,487.75,0
15167,321,1,163.0,1,163.0,1
15168,26,1,106.56,1,106.56,1
15171,331,1,1289.5,1,1289.5,0
15172,9,5,1624.05,228,324.81,3
15174,323,1,135.75,1,135.75,1
15175,72,1,224.14,1,224.14,1
15178,260,1,40.5,1,40.5,1
15179,18,5,2206.95,301,441.39,3
15180,367,1,87.5,1,87.5,1
15181,66,3,689.4799999999999,204,229.82666666666663,2
15182,154,2,622.85,115,311.425,2
15184,29,2,406.76,162,203.38,2
15185,70,1,310.62,1,310.62,0
15186,14,2,411.41,155,205.705,2
15187,2,15,4762.18,211,317.4786666666667,3
15189,1,41,16225.39,332,395.74121951219513,3
15192,120,3,1044.32,246,348.1066666666666,2
15193,61,1,499.32,1,499.32,0
15194,3,15,7616.53,366,507.76866666666666,3
15195,3,1,3861.0,1,3861.0,0
15197,11,3,1079.6100000000001,348,359.87000000000006,2
15198,92,2,193.64,32,96.82,1
15199,59,4,1268.7,250,317.175,2
15201,87,5,1236.54,161,247.308,2
15203,26,6,1827.8,286,304.6333333333333,3
15204,357,1,316.58,1,316.58,0
15205,85,2,653.24,43,326.62,2
15206,10,4,420.29999999999995,266,105.07499999999999,2
15208,1,5,870.12,353,174.024,3
15210,225,1,331.18,1,331.18,0
15211,60,2,894.4100000000001,305,447.20500000000004,2
15212,241,1,101.8,1,101.8,1
15213,319,2,328.35,12,164.175,1
15214,2,8,1661.44,242,207.68,3
15215,47,3,734.94,50,244.98000000000002,2
15216,88,1,96.6,1,96.6,1
15218,11,11,5756.89,309,523.3536363636364,3
15219,176,1,305.75,1,305.75,0
15220,52,6,1778.96,230,296.49333333333334,2
15221,366,1,403.25,1,403.25,0
15222,319,1,585.0,1,585.0,0
15223,226,2,755.75,24,377.875,0
15224,358,2,322.08,5,161.04,1
15225,234,1,409.40000000000003,1,409.40000000000003,0
15226,311,1,154.41,1,154.41,1
15227,37,5,1219.4,281,243.88000000000002,2
15228,66,4,3386.71,229,846.6775,3
15230,239,2,429.6,2,214.8,0
15232,113,2,612.06,28,306.03,2
15234,277,1,197.0,1,197.0,1
15235,218,12,2247.51,156,187.29250000000002,2
15236,299,1,321.05,1,321.05,0
15237,2,4,1412.32,226,353.08,3
15238,29,3,1071.99,155,357.33,2
15239,10,2,780.59,69,390.295,2
15240,45,5,1706.57,268,341.31399999999996,2
15241,67,8,1756.44,217,219.555,2
15243,74,1,316.68,1,316.68,0
15244,65,2,631.57,183,315.785,2
15245,134,3,2515.84,128,838.6133333333333,2
15246,238,2,514.15,121,257.075,2
15247,122,1,356.0,1,356.0,0
15249,32,13,6688.46,225,514.496923076923,3
15251,9,11,10484.99,233,953.180909090909,3
15252,36,2,740.78,147,370.39,2
15253,16,5,918.1999999999999,154,183.64,2
15254,127,1,300.36,1,300.36,0
15255,67,1,890.85,1,890.85,0
15256,149,1,98.45,1,98.45,1
15257,283,1,317.15,1,317.15,0
15258,169,2,623.16,49,311.58,2
15260,100,7,1810.77,273,258.68142857142857,2
15261,135,1,254.82,1,254.82,0
15262,324,1,178.95000000000002,1,178.95000000000002,1
15263,107,1,156.51,1,156.51,1
15264,64,1,393.74,1,393.74,0
15265,151,2,1506.1200000000001,85,753.0600000000001,2
15266,338,1,119.3,1,119.3,1
15267,22,5,1717.36,161,343.472,2
15269,24,1,408.8,1,408.8,0
15270,16,7,2379.49,295,339.9271428571428,3
15271,7,15,2507.07,359,167.138,3
15272,57,2,721.94,29,360.97,2
15274,4,2,716.57,15,358.285,2
15275,38,1,615.14,1,615.14,0
15276,66,1,135.31,1,135.31,1
15277,47,1,255.89999999999998,1,255.89999999999998,0
15279,355,1,290.51,1,290.51,0
15280,172,1,113.12,1,113.12,1
15281,59,9,2332.15,275,259.1277777777778,3
15286,50,1,240.55,1,240.55,1
15287,22,2,486.69,49,243.345,2
15288,43,5,2306.52,323,461.304,3
15289,29,3,939.78,221,313.26,2
15290,5,18,7943.22,355,441.29,3
15291,26,14,4623.3,349,330.2357142857143,3
15292,201,1,180.94,1,180.94,1
15296,51,6,3672.86,276,612.1433333333333,3
15297,10,3,641.94,54,213.98000000000002,2
15298,2,12,4799.9,365,399.9916666666666,3
15299,67,6,3907.01,305,651.1683333333334,3
15300,64,1,496.44,1,496.44,0
15301,51,12,5070.35,318,422.5291666666667,3
15303,290,1,574.02,1,574.02,0
15304,61,8,694.4000000000001,308,86.80000000000001,2
15306,64,3,1174.35,84,391.45,2
15307,96,1,205.3,1,205.3,1
15308,274,1,310.47,1,310.47,0
15311,1,91,60767.9,374,667.7791208791209,3
15312,75,4,924.85,280,231.2125,2
15313,110,1,52.0,1,52.0,1
15314,199,1,327.97,1,327.97,0
15315,64,2,570.5,52,285.25,2
15316,327,1,165.0,1,165.0,1
15318,4,1,312.62,1,312.62,0
15319,284,1,204.5,1,204.5,1
15320,44,1,267.13,1,267.13,0
15321,71,3,2748.31,221,916.1033333333334,2
15322,86,1,679.68,1,679.68,0
15325,104,1,162.29,1,162.29,1
15326,334,1,311.71,1,311.71,0
15327,53,1,208.75,1,208.75,1
15329,39,3,1049.7,133,349.90000000000003,2
15330,32,2,714.96,29,357.48,2
15332,366,4,1661.06,4,415.265,0
15333,208,1,1028.56,1,1028.56,0
15334,157,3,348.72,17,116.24000000000001,1
15335,54,1,173.97,1,173.97,1
15339,66,2,574.07,252,287.035,2
15341,81,1,2020.52,1,2020.52,0
15342,130,1,406.09,1,406.09,0
15343,87,1,364.5,1,364.5,0
15344,1,3,563.94,74,187.98000000000002,2
15345,46,1,393.54,1,393.54,0
15346,333,1,252.42000000000002,1,252.42000000000002,1
15347,366,1,201.60000000000002,1,201.60000000000002,1
15348,72,1,158.04,1,158.04,1
15349,158,2,473.81,30,236.905,2
15350,373,1,115.65,1,115.65,1
15351,12,7,1960.1100000000001,358,280.0157142857143,3
15353,255,2,777.02,114,388.51,2
15355,29,2,277.05,24,138.525,2
15356,31,10,2766.5,337,276.65,3
15358,5,22,8347.2,361,379.41818181818184,3
15360,40,1,427.93,1,427.93,0
15361,362,1,418.92,1,418.92,0
15363,373,1,326.0,1,326.0,0
15364,96,2,913.19,159,456.595,2
15365,26,7,2314.32,290,330.6171428571429,3
15366,75,2,602.51,283,301.255,2
15367,57,4,1877.59,219,469.3975,2
15368,21,1,446.94000000000005,1,446.94000000000005,0
15370,41,7,2386.05,292,340.86428571428576,3
15372,137,1,2007.3999999999999,1,2007.3999999999999,0
15373,8,12,2415.91,364,201.32583333333332,3
15374,129,1,168.0,1,168.0,1
15376,40,3,1233.3600000000001,183,411.12000000000006,2
15379,169,7,3703.29,190,529.0414285714286,3
15380,9,5,1690.2600000000002,357,338.052,3
15381,214,2,596.85,55,298.425,2
15382,15,6,5955.71,281,992.6183333333333,3
15384,170,2,642.41,190,321.205,2
15385,40,1,316.88,1,316.88,0
15386,186,1,394.14,1,394.14,0
15388,270,1,140.54,1,140.54,1
15389,172,1,500.0,1,500.0,0
15392,5,4,1535.53,356,383.8825,3
15393,16,2,231.86,265,115.93,2
15394,10,4,2183.54,349,545.885,3
15395,326,1,107.45,1,107.45,1
15396,113,1,288.18,1,288.18,0
15397,290,1,94.0,1,94.0,1
15398,16,2,1345.53,63,672.765,2
15399,1,3,815.77,78,271.92333333333335,2
15400,92,5,716.2,187,143.24,2
15402,149,2,626.35,48,313.175,2
15405,189,1,349.1,1,349.1,0
15406,31,2,510.71000000000004,270,255.35500000000002,2
15407,34,4,1056.44,272,264.11,2
15408,264,1,267.18,1,267.18,0
15410,84,8,3450.84,178,431.355,3
15411,26,4,1358.88,157,339.72,2
15412,171,1,190.53,1,190.53,1
15414,10,3,774.9000000000001,233,258.3,2
15415,313,1,572.8100000000001,1,572.8100000000001,0
15416,65,4,3984.32,219,996.08,3
15417,85,1,508.8,1,508.8,0
15419,25,1,135.86,1,135.86,1
15421,59,4,950.36,252,237.59,2
15422,323,2,97.7,1,48.85,1
15423,38,1,43.5,1,43.5,1
15424,254,2,383.34,1,191.67,1
15426,19,5,1447.39,351,289.478,2
15427,33,3,1483.14,14,494.38000000000005,2
15428,15,1,93.78,1,93.78,1
15429,27,2,397.35,49,198.675,2
15432,23,1,171.19,1,171.19,1
15433,214,2,533.3,54,266.65,2
15434,8,5,1041.48,192,208.296,2
15435,22,1,149.29,1,149.29,1
15436,12,3,1122.53,222,374.1766666666667,2
15437,262,1,200.16,1,200.16,1
15438,131,1,156.57999999999998,1,156.57999999999998,1
15440,55,3,383.68,155,127.89333333333333,2
15442,249,1,594.0,1,594.0,0
15443,2,7,3236.91,319,462.4157142857143,3
15444,9,2,1418.26,32,709.13,2
15445,264,1,113.5,1,113.5,1
15447,331,1,155.17,1,155.17,1
15448,313,1,494.64,1,494.64,0
15449,26,3,974.52,236,324.84,2
15450,30,1,429.84,1,429.84,0
15452,30,3,538.73,235,179.57666666666668,2
15453,2,7,1388.37,186,198.3385714285714,3
15454,362,1,179.1,1,179.1,1
15456,283,3,447.22,76,149.07333333333335,2
15457,262,1,237.07,1,237.07,1
15458,25,1,161.64,1,161.64,1
15460,354,1,216.76,1,216.76,1
15462,94,3,234.6,93,78.2,2
15463,29,1,126.14,1,126.14,1
15464,338,1,1048.85,1,1048.85,0
15465,20,18,7354.62,350,408.59,3
15466,85,1,334.53,1,334.53,0
15467,9,3,524.88,143,174.96,2
15468,51,2,467.51,1,233.755,0
15469,50,2,538.55,70,269.275,2
15471,2,1,469.48,1,469.48,0
15472,113,1,371.56,1,371.56,0
15473,14,7,1771.2,47,253.02857142857144,3
15475,77,1,454.10999999999996,1,454.10999999999996,0
15478,40,2,1441.42,17,720.71,0
15480,116,1,905.5,1,905.5,0
15482,16,11,11014.96,344,1001.3599999999999,3
15483,161,4,233.81,106,58.4525,1
15484,1,4,3594.31,78,898.5775,3
15485,30,3,2575.0,344,858.3333333333334,3
15488,93,1,91.32000000000001,1,91.32000000000001,1
15489,23,3,1134.28,189,378.0933333333333,2
15491,95,6,3100.09,141,516.6816666666667,3
15492,28,2,659.4599999999999,47,329.72999999999996,2
15493,33,5,2001.8,239,400.36,2
15494,21,2,1299.23,100,649.615,2
15497,18,2,1262.2,303,631.1,2
15498,3,27,13316.4,365,493.2,3
15500,8,4,1131.56,74,282.89,2
15502,16,10,6923.98,354,692.3979999999999,3
15503,363,1,147.09,1,147.09,1
15504,81,1,52.83,1,52.83,1
15505,53,5,3610.96,103,722.192,3
15506,23,3,979.26,117,326.42,2
15507,172,1,492.36,1,492.36,0
15508,189,6,1000.27,47,166.71166666666667,2
15510,331,1,250.0,1,250.0,1
15511,12,5,909.23,74,181.846,2
15512,156,2,121.0,204,60.5,1
15513,33,19,14758.220000000001,341,776.7484210526317,3
15514,12,11,4139.46,353,376.31454545454545,3
15516,45,3,62.43,2,20.81,1
15517,233,1,267.03,1,267.03,0
15518,64,8,1942.45,269,242.80625,2
15520,2,1,343.5,1,343.5,0
15521,40,8,3000.2,215,375.025,3
15522,33,2,398.84,55,199.42,2
15523,84,1,412.01000000000005,1,412.01000000000005,0
15524,25,1,440.0,1,440.0,0
15525,2,3,823.42,372,274.4733333333333,2
15526,33,2,148.44,1,74.22,1
15527,19,8,2429.78,336,303.7225,3
15528,254,1,229.33,1,229.33,1
15529,23,11,3992.68,344,362.97090909090906,3
15530,22,4,1502.35,226,375.5875,2
15531,8,2,2007.44,23,1003.72,3
15532,25,4,1571.03,333,392.7575,2
15533,19,3,807.57,70,269.19,2
15535,173,4,536.4,155,134.1,2
15537,163,1,110.92,1,110.92,1
15539,7,1,538.46,1,538.46,0
15540,11,1,213.3,1,213.3,1
15541,114,1,85.13000000000001,1,85.13000000000001,1
15543,288,1,127.86,1,127.86,1
15544,9,9,3546.71,364,394.0788888888889,3
15545,54,2,292.71999999999997,317,146.35999999999999,2
15547,7,14,4954.84,355,353.9171428571429,3
15549,77,3,1689.51,240,563.17,2
15550,4,4,575.63,298,143.9075,2
15551,37,1,436.06,1,436.06,0
15552,217,1,90.12,1,90.12,1
15553,60,1,437.23,1,437.23,0
15554,278,1,217.2,1,217.2,1
15555,12,16,4802.18,358,300.13625,3
15556,24,1,279.77,1,279.77,0
15557,29,1,473.65000000000003,1,473.65000000000003,0
15561,12,4,800.59,204,200.1475,2
15562,352,1,134.55,1,134.55,1
15563,22,3,1361.44,337,453.81333333333333,2
15565,50,2,173.16,21,86.58,1
15567,19,1,186.01,1,186.01,1
15568,3,3,758.29,71,252.76333333333332,2
15569,104,5,1375.71,229,275.142,2
15570,7,12,4165.52,363,347.1266666666667,3
15571,12,4,650.4300000000001,67,162.60750000000002,2
15572,5,7,2552.86,274,364.69428571428574,3
15573,32,2,599.5,54,299.75,2
15574,178,4,702.25,195,175.5625,2
15576,38,1,940.6700000000001,1,940.6700000000001,0
15577,151,3,258.88,155,86.29333333333334,2
15578,162,1,127.1,1,127.1,1
15579,69,2,348.6,246,174.3,2
15581,156,10,721.63,210,72.163,2
15582,25,3,682.9100000000001,196,227.63666666666668,2
15584,24,4,725.11,139,181.2775,2
15585,177,1,455.3,1,455.3,0
15587,50,4,913.6800000000001,302,228.42000000000002,2
15589,256,3,478.53000000000003,55,159.51000000000002,2
15592,47,1,388.58,1,388.58,0
15593,71,1,199.8,1,199.8,1
15594,16,5,1771.78,219,354.356,3
15596,101,5,1406.59,265,281.318,2
15597,35,1,324.57,1,324.57,0
15598,53,1,240.68,1,240.68,1
15599,27,2,761.74,178,380.87,2
15601,11,14,6776.56,362,484.04,3
15602,8,9,1297.8700000000001,360,144.20777777777778,3
15603,79,1,48.480000000000004,1,48.480000000000004,1
15604,52,1,216.39,1,216.39,1
15605,36,5,1198.23,338,239.64600000000002,2
15606,61,9,2920.16,264,324.4622222222222,3
15607,337,1,104.76,1,104.76,1
15608,28,4,1093.68,93,273.42,2
15609,184,1,298.48,1,298.48,0
15610,52,1,112.46000000000001,1,112.46000000000001,1
15611,10,11,1570.45,326,142.76818181818183,3
15612,36,2,195.15,26,97.575,1
15615,10,23,10399.74,349,452.1626086956522,3
15618,33,4,776.851,104,194.21275,2
15619,11,1,336.40000000000003,1,336.40000000000003,0
15620,57,3,1553.18,302,517.7266666666667,2
15621,4,4,1293.03,18,323.2575,3
15622,43,9,3709.56,240,412.17333333333335,3
15623,141,1,301.03,1,301.03,0
15624,117,4,588.13,140,147.0325,2
15625,104,4,1534.26,132,383.565,2
15626,75,2,675.8,255,337.9,2
15628,5,9,2870.2400000000002,363,318.91555555555556,3
15630,45,2,1186.35,160,593.175,2
15632,16,8,3285.31,260,410.66375,3
15634,17,1,243.55,1,243.55,0
15636,90,2,724.76,193,362.38,2
15637,53,1,223.36,1,223.36,1
15639,134,1,425.32,1,425.32,0
15640,4,15,12515.66,368,834.3773333333334,3
15641,105,4,1887.2,254,471.8,2
15643,192,3,664.0,91,221.33333333333334,2
15644,166,4,813.0,95,203.25,2
15645,19,1,611.59,1,611.59,0
15646,158,3,447.64000000000004,215,149.21333333333334,2
15648,204,2,657.35,63,328.675,2
15649,336,2,816.0,32,408.0,0
15651,37,3,646.3,224,215.4333333333333,2
15652,91,1,337.74,1,337.74,0
15653,93,2,877.4399999999999,24,438.71999999999997,2
15654,9,2,922.53,17,461.265,2
15655,243,1,560.67,1,560.67,0
15656,45,4,748.5,239,187.125,2
15657,23,1,30.0,1,30.0,1
15658,190,5,1024.1000000000001,183,204.82000000000002,2
15659,44,1,306.45,1,306.45,0
15660,25,9,1600.86,341,177.87333333333333,3
15661,317,2,309.8,22,154.9,1
15663,106,1,138.14,1,138.14,1
15664,51,1,386.43,1,386.43,0
15665,168,2,2242.01,75,1121.005,0
15667,40,1,301.32,1,301.32,0
15668,218,1,76.32000000000001,1,76.32000000000001,1
15669,40,4,684.34,224,171.085,2
15670,297,1,173.05,1,173.05,1
15671,19,7,2657.13,253,379.59000000000003,3
15673,88,4,2881.02,239,720.255,2
15674,73,4,2111.89,182,527.9725,2
15675,81,3,323.69,199,107.89666666666666,2
15676,19,3,3435.76,266,1145.2533333333333,3
15677,49,1,657.23,1,657.23,0
15678,53,1,352.7,1,352.7,0
15679,24,4,781.28,159,195.32,2
15680,9,3,1333.68,357,444.56,2
15681,25,5,1426.16,256,285.232,2
15683,117,1,193.75,1,193.75,1
15687,9,9,2993.1,322,332.56666666666666,3
15689,120,2,254.1,242,127.05,2
15690,4,2,239.76,97,119.88,2
15691,252,1,136.8,1,136.8,1
15692,28,1,191.04,1,191.04,1
15694,1,13,6464.4,373,497.2615384615384,3
15695,267,2,409.98,1,204.99,1
15696,33,8,2736.46,294,342.0575,3
15699,18,1,309.65,1,309.65,0
15700,172,2,696.68,2,348.34,0
15701,2,4,1542.14,109,385.535,3
15703,265,1,211.5,1,211.5,1
15704,140,4,2293.62,76,573.405,2
15705,201,1,143.1,1,143.1,1
15706,64,4,1060.56,53,265.14,2
15707,35,4,945.58,52,236.395,2
15708,41,7,3364.2400000000002,329,480.6057142857143,3
15709,284,1,133.25,1,133.25,1
15712,9,5,1072.3600000000001,279,214.47200000000004,2
15713,143,2,356.7,223,178.35,2
15714,12,2,330.88,67,165.44,2
15716,146,4,1118.81,224,279.7025,2
15717,234,1,150.3,1,150.3,1
15719,33,13,5043.96,305,387.99692307692305,3
15720,24,1,598.73,1,598.73,0
15721,12,1,507.08,1,507.08,0
15722,36,5,2222.56,255,444.512,3
15723,365,1,203.1,1,203.1,1
15724,201,2,218.25,84,109.125,1
15725,15,1,415.25,1,415.25,0
15727,17,7,5178.96,343,739.8514285714285,3
15729,213,1,85.0,1,85.0,1
15730,66,3,1120.88,141,373.6266666666667,2
15732,212,2,294.12,160,147.06,2
15733,283,1,162.3,1,162.3,1
15734,115,2,1339.45,86,669.725,2
15737,15,8,1205.1200000000001,229,150.64000000000001,2
15738,19,16,4812.42,354,300.77625,3
15739,66,1,449.12,1,449.12,0
15740,49,1,154.88,1,154.88,1
15743,16,4,784.46,169,196.115,2
15744,78,1,34.8,1,34.8,1
15745,19,4,1094.59,218,273.6475,2
15746,134,1,196.88,1,196.88,1
15747,13,3,974.04,161,324.68,2
15748,40,1,149.31,1,149.31,1
15749,235,3,44534.3,98,14844.766666666668,3
15750,3,8,2465.48,365,308.185,3
15752,40,7,2637.38,334,376.7685714285714,3
15753,305,1,79.2,1,79.2,1
15754,51,3,458.57,196,152.85666666666665,2
15755,10,6,2364.25,285,394.0416666666667,3
15756,61,4,532.96,188,133.24,2
15757,66,2,714.42,153,357.21,2
15758,25,1,205.25,1,205.25,1
15759,218,3,253.04,140,84.34666666666666,2
15762,65,2,583.75,13,291.875,2
15763,32,2,1086.92,46,543.46,2
15764,88,6,3279.97,189,546.6616666666666,3
15766,64,1,315.06,1,315.06,0
15768,116,3,621.8299999999999,111,207.27666666666664,2
15769,7,26,56252.72,364,2163.566153846154,3
15773,6,1,635.6800000000001,1,635.6800000000001,0
15774,69,1,270.8,1,270.8,0
15775,245,1,104.9,1,104.9,1
15776,133,1,241.62,1,241.62,1
15777,241,4,1047.11,121,261.7775,2
15780,184,3,475.28000000000003,175,158.42666666666668,2
15781,25,3,345.46,281,115.15333333333332,2
15782,10,3,2614.7400000000002,80,871.58,3
15783,11,1,246.3,1,246.3,0
15785,33,5,2328.9700000000003,263,465.79400000000004,3
15786,46,3,4932.2,69,1644.0666666666666,3
15787,26,3,948.05,36,316.01666666666665,2
15789,358,1,351.3,1,351.3,0
15790,10,1,220.85,1,220.85,1
15791,44,2,1612.69,161,806.345,2
15793,15,3,965.61,254,321.87,2
15795,150,1,610.01,1,610.01,0
15796,1,8,2710.56,302,338.82,3
15797,113,3,2192.4,192,730.8000000000001,2
15799,76,3,884.14,259,294.7133333333333,2
15800,107,2,699.08,140,349.54,2
15801,46,3,1063.95,64,354.65000000000003,2
15803,51,1,415.82000000000005,1,415.82000000000005,0
15804,1,13,4206.39,199,323.5684615384616,3
15805,23,17,5528.4800000000005,342,325.204705882353,3
15806,46,3,784.58,231,261.5266666666667,2
15807,50,3,903.9,27,301.3,2
15808,306,4,3734.9700000000003,64,933.7425000000001,2
15809,36,5,515.77,267,103.154,2
15810,79,4,1391.98,219,347.995,2
15811,22,6,2218.62,344,369.77,3
15812,107,5,1801.14,211,360.228,2
15813,208,2,1303.9099999999999,32,651.9549999999999,0
15814,17,4,1945.33,34,486.3325,3
15815,64,5,2100.6,197,420.12,2
15819,49,4,1905.45,228,476.3625,2
15820,320,1,206.98,1,206.98,1
15821,44,2,570.96,18,285.48,2
15822,3,2,885.47,357,442.735,2
15823,372,1,15.0,1,15.0,1
15825,172,1,532.94,1,532.94,0
15826,56,3,1654.31,155,551.4366666666666,2
15827,73,14,1836.0900000000001,300,131.14928571428572,3
15829,99,2,636.14,42,318.07,2
15830,38,1,576.0,1,576.0,0
15831,58,3,801.76,266,267.25333333333333,2
15832,254,1,836.79,1,836.79,0
15834,70,4,2231.25,207,557.8125,2
15835,44,4,954.09,287,238.5225,2
15836,50,1,137.37,1,137.37,1
15837,65,1,391.98,1,391.98,0
15838,11,19,33643.08,357,1770.6884210526316,3
15839,33,3,1048.49,115,349.49666666666667,2
15840,59,2,355.56,114,177.78,2
15841,73,4,1224.06,267,306.015,2
15843,304,1,118.95000000000002,1,118.95000000000002,1
15844,46,1,130.73999999999998,1,130.73999999999998,1
15845,18,8,3711.77,320,463.97125,3
15847,38,2,389.27,250,194.635,2
15850,19,2,238.85,149,119.425,2
15852,187,2,160.71,11,80.355,1
15853,52,1,110.8,1,110.8,1
15854,4,12,2974.65,358,247.88750000000002,3
15855,137,5,712.24,127,142.448,2
15856,4,27,16386.31,362,606.9003703703704,3
15857,19,1,297.0,1,297.0,0
15858,16,5,1438.85,352,287.77,2
15860,41,8,977.21,328,122.15125,2
15861,12,8,3165.36,255,395.67,3
15862,8,4,832.88,366,208.22,2
15863,26,2,68.84,168,34.42,1
15864,22,6,1936.3200000000002,294,322.72,3
15865,41,3,895.13,174,298.37666666666667,2
15866,101,1,230.53,1,230.53,1
15867,5,15,3806.1,364,253.73999999999998,3
15869,277,2,149.64,1,74.82,1
15870,33,1,354.09000000000003,1,354.09000000000003,0
15872,15,2,360.93,1,180.465,1
15874,64,7,4405.88,221,629.4114285714286,3
15877,2,2,493.28,17,246.64,2
15880,369,1,343.28000000000003,1,343.28000000000003,0
15881,312,5,501.39000000000004,53,100.278,2
15882,199,4,514.08,170,128.52,2
15883,2,2,396.48,32,198.24,2
15885,93,1,349.35,1,349.35,0
15886,60,1,181.09,1,181.09,1
15888,81,1,162.64,1,162.64,1
15889,157,2,427.57,213,213.785,2
15891,227,1,521.97,1,521.97,0
15894,253,2,262.9,116,131.45,2
15895,150,1,179.17,1,179.17,1
15897,194,2,222.05,1,111.025,1
15898,1,5,1388.88,368,277.776,3
15899,369,1,56.25,1,56.25,1
15900,24,1,351.11,1,351.11,0
15901,17,3,361.9,139,120.63333333333333,2
15903,10,7,5126.76,286,732.3942857142857,3
15904,8,1,164.68,1,164.68,1
15906,20,7,1567.69,236,223.9557142857143,3
15907,4,3,966.6,207,322.2,2
15909,174,1,191.94,1,191.94,1
15910,1,8,1232.18,316,154.0225,3
15912,178,2,264.62,55,132.31,1
15916,16,8,1528.09,351,191.01125,3
15917,248,1,123.1,1,123.1,1
15918,191,2,334.23,81,167.115,2
15919,20,2,639.89,350,319.945,2
15920,154,3,163.55,1,54.51666666666667,1
15921,173,1,336.03000000000003,1,336.03000000000003,0
15922,373,1,369.5,1,369.5,0
15923,373,1,127.08,1,127.08,1
15925,194,1,207.15,1,207.15,1
15930,67,1,426.63,1,426.63,0
15932,4,8,2495.87,286,311.98375,3
15933,21,3,1107.46,66,369.15333333333336,2
15935,239,1,108.03999999999999,1,108.03999999999999,1
15937,64,1,145.35,1,145.35,1
15938,112,5,404.58,212,80.916,2
15939,90,15,6115.01,242,407.6673333333334,3
15940,311,1,35.8,1,35.8,1
15942,134,1,337.44,1,337.44,0
15944,277,1,325.1,1,325.1,0
15945,365,1,181.0,1,181.0,1
15947,83,1,1708.24,1,1708.24,0
15948,8,2,955.24,36,477.62,2
15949,17,2,364.72,55,182.36,2
15950,32,4,1765.51,328,441.3775,2
15951,9,2,708.22,277,354.11,2
15952,34,4,806.57,192,201.6425,2
15953,15,8,1659.3799999999999,355,207.42249999999999,3
15955,24,14,4416.26,349,315.44714285714286,3
15957,32,1,428.89,1,428.89,0
15958,74,1,104.35,1,104.35,1
15963,20,2,470.76,26,235.38,2
15965,17,4,845.64,351,211.41,2
15967,23,2,418.83,296,209.415,2
15969,3,3,666.1,183,222.03333333333333,2
15970,304,1,314.1,1,314.1,0
15971,18,12,4194.9,294,349.575,3
15973,367,1,307.82000000000005,1,307.82000000000005,0
15974,39,7,3442.15,250,491.7357142857143,3
15975,84,1,371.01,1,371.01,0
15976,165,2,430.94,55,215.47,2
15977,17,2,1054.73,22,527.365,2
15978,77,1,1098.78,1,1098.78,0
15980,89,3,2398.86,166,799.62,2
15981,25,8,3408.48,287,426.06,3
15983,22,4,1475.02,352,368.755,2
15984,3,10,2837.67,366,283.767,3
15985,123,2,1142.42,114,571.21,2
15986,30,1,168.12,1,168.12,1
15987,12,7,1451.28,357,207.32571428571427,3
15988,19,1,158.03,1,158.03,1
15990,44,2,792.11,244,396.055,2
15992,4,1,41.989999999999995,1,41.989999999999995,1
15993,9,7,2788.87,36,398.40999999999997,3
15994,55,1,427.07,1,427.07,0
15996,88,6,1060.68,278,176.78,2
15998,37,5,3089.97,326,617.9939999999999,3
16000,3,3,12393.7,1,4131.233333333334,3
16003,30,5,2735.37,330,547.074,3
16005,12,4,615.39,259,153.8475,2
16006,211,1,101.4,1,101.4,1
16007,48,4,1701.94,168,425.485,2
16008,24,3,478.78,181,159.59333333333333,2
16009,22,4,992.71,138,248.1775,2
16010,246,3,407.5,117,135.83333333333334,2
16011,8,16,3362.71,358,210.169375,3
16012,35,3,1415.29,120,471.7633333333333,2
16013,4,47,37130.6,368,790.0127659574467,3
16014,38,3,662.38,254,220.79333333333332,2
16015,4,3,705.1,46,235.03333333333333,2
16016,3,8,1508.76,364,188.595,3
16017,47,1,211.88,1,211.88,1
16018,39,2,408.90000000000003,142,204.45000000000002,2
16019,47,9,3786.2400000000002,318,420.6933333333334,3
16020,17,3,851.01,49,283.67,2
16022,260,1,628.28,1,628.28,0
16023,46,3,719.81,221,239.93666666666664,2
16024,12,1,245.96,1,245.96,0
16025,30,1,439.65999999999997,1,439.65999999999997,0
16026,43,1,236.09,1,236.09,1
16027,92,6,934.62,211,155.77,2
16029,39,62,72882.09,336,1175.5175806451612,3
16030,310,1,331.24,1,331.24,0
16031,92,2,548.94,155,274.47,2
16033,6,20,8816.4,365,440.82,3
16034,196,3,437.7,137,145.9,2
16036,87,2,758.92,177,379.46,2
16037,270,3,855.02,89,285.00666666666666,2
16038,8,3,471.78000000000003,195,157.26000000000002,2
16040,65,3,1313.55,204,437.84999999999997,2
16041,31,3,3166.4,111,1055.4666666666667,3
16042,22,5,1197.27,311,239.454,2
16043,38,4,773.99,281,193.4975,2
16045,120,4,1340.7,171,335.175,2
16048,373,2,256.44,1,128.22,1
16049,40,3,1111.79,35,370.59666666666664,2
16050,174,1,137.9,1,137.9,1
16052,54,1,362.06,1,362.06,0
16053,33,2,1511.95,90,755.975,2
16054,145,1,783.9,1,783.9,0
16055,221,1,134.8,1,134.8,1
16056,45,1,664.85,1,664.85,0
16057,16,7,2263.12,269,323.30285714285714,3
16059,66,6,1459.8600000000001,302,243.31000000000003,2
16062,10,4,1153.62,356,288.405,2
16063,260,1,335.32,1,335.32,0
16065,365,1,372.09,1,372.09,0
16066,17,5,1521.87,108,304.37399999999997,2
16070,22,2,852.15,10,426.075,0
16071,45,1,326.24,1,326.24,0
16072,288,1,584.3199999999999,1,584.3199999999999,0
16073,297,1,122.39999999999999,1,122.39999999999999,1
16076,3,10,2234.73,206,223.473,3
16078,284,1,79.2,1,79.2,1
16079,17,3,1352.0,24,450.6666666666667,2
16080,82,2,217.16,193,108.58,2
16081,56,5,2806.9,311,561.38,3
16083,101,2,1317.62,260,658.81,2
16084,299,1,436.18,1,436.18,0
16085,23,5,981.51,298,196.302,2
16086,59,5,1121.39,308,224.27800000000002,2
16091,155,2,315.06,44,157.53,2
16092,115,3,817.86,140,272.62,2
16093,107,1,17.0,1,17.0,1
16094,12,4,1078.23,208,269.5575,2
16096,264,1,320.62,1,320.62,0
16097,240,1,185.04999999999998,1,185.04999999999998,1
16098,88,7,2005.63,287,286.5185714285714,2
16099,50,3,731.9,176,243.96666666666667,2
16101,71,1,1290.7,1,1290.7,0
16102,42,3,1842.14,87,614.0466666666667,2
16103,7,6,1429.64,227,238.27333333333334,3
16104,62,1,302.36,1,302.36,0
16105,249,1,336.96,1,336.96,0
16106,66,1,108.38,1,108.38,1
16107,18,7,3204.1600000000003,166,457.7371428571429,3
16108,85,1,842.5,1,842.5,0
16109,219,2,611.88,90,305.94,2
16110,45,3,1337.48,267,445.82666666666665,2
16112,143,4,195.73999999999998,196,48.934999999999995,1
16113,183,1,161.38,1,161.38,1
16114,171,1,135.75000000000003,1,135.75000000000003,1
16115,10,8,1667.97,283,208.49625,3
16116,212,1,612.78,1,612.78,0
16117,190,1,232.21,1,232.21,1
16119,8,2,423.36,65,211.68,2
16120,59,4,1309.14,1,327.285,0
16121,57,2,867.11,159,433.555,2
16122,73,4,684.4200000000001,294,171.10500000000002,2
16123,52,1,307.78,1,307.78,0
16124,317,1,249.0,1,249.0,1
16125,367,1,289.35,1,289.35,0
16126,29,4,6287.77,268,1571.9425,3
16127,39,1,656.25,1,656.25,0
16128,18,5,1880.22,265,376.044,3
16131,52,6,3506.54,189,584.4233333333333,3
16133,4,33,14589.04,315,442.09212121212124,3
16134,22,2,618.09,338,309.045,2
16135,263,1,517.55,1,517.55,0
16136,60,3,709.38,218,236.46,2
16139,19,3,635.41,188,211.8033333333333,2
16140,66,2,725.18,306,362.59,2
16141,88,1,620.4,1,620.4,0
16142,250,1,535.34,1,535.34,0
16143,3,6,2424.94,366,404.1566666666667,3
16144,247,1,175.2,1,175.2,1
16145,9,11,3799.4900000000002,352,345.40818181818184,3
16146,157,3,734.13,75,244.71,2
16147,134,1,375.0,1,375.0,0
16148,296,1,76.32000000000001,1,76.32000000000001,1
16149,5,2,280.52,138,140.26,2
16150,43,5,2053.02,330,410.604,2
16152,269,1,1829.04,1,1829.04,0
16153,50,5,1824.23,306,364.846,2
16156,9,9,3122.04,303,346.8933333333333,3
16157,16,3,656.69,57,218.89666666666668,2
16159,282,1,348.2,1,348.2,0
16160,65,2,1025.44,21,512.72,0
16161,2,19,5575.56,368,293.4505263157895,3
16162,252,1,37.4,1,37.4,1
16163,232,2,856.6,133,428.3,2
16164,17,3,822.48,26,274.16,2
16168,11,27,3787.6,360,140.28148148148148,3
16169,8,4,1822.97,68,455.7425,3
16170,51,6,1885.05,198,314.175,2
16171,59,1,73.2,1,73.2,1
16172,95,5,1140.21,147,228.042,2
16173,16,6,1418.32,83,236.38666666666666,2
16174,126,3,1009.5500000000001,26,336.5166666666667,2
16175,94,4,1037.59,146,259.3975,2
16177,50,1,331.95,1,331.95,0
16178,138,1,197.9,1,197.9,1
16179,61,1,215.83,1,215.83,1
16180,100,8,10254.18,153,1281.7725,3
16181,73,1,305.54,1,305.54,0
16182,72,4,6617.65,223,1654.4125,3
16183,67,1,338.71000000000004,1,338.71000000000004,0
16184,64,6,1158.79,148,193.13166666666666,2
16185,17,2,529.41,216,264.705,2
16186,23,12,4006.94,350,333.9116666666667,3
16187,32,15,6911.4400000000005,253,460.7626666666667,3
16188,45,4,981.86,199,245.465,2
16189,16,2,215.48,70,107.74,2
16190,40,1,215.08,1,215.08,1
16191,3,13,5180.52,358,398.5015384615385,3
16193,237,1,314.45,1,314.45,0
16198,75,1,400.68100000000004,1,400.68100000000004,0
16200,4,2,1080.6200000000001,160,540.3100000000001,2
16201,3,4,1863.47,107,465.8675,3
16202,361,1,365.27,1,365.27,0
16203,59,4,592.9,314,148.225,2
16204,23,1,405.71,1,405.71,0
16205,31,4,754.78,149,188.695,2
16206,55,4,537.0600000000001,273,134.26500000000001,2
16207,25,1,394.38,1,394.38,0
16208,45,2,664.26,245,332.13,2
16209,89,5,2262.62,158,452.524,2
16210,2,17,21076.3,373,1239.7823529411764,3
16211,89,1,547.02,1,547.02,0
16212,19,2,690.34,265,345.17,2
16213,79,1,159.0,1,159.0,1
16214,171,3,1062.75,99,354.25,2
16215,81,1,242.35,1,242.35,1
16216,267,1,914.9300000000001,1,914.9300000000001,0
16217,235,2,304.25,47,152.125,1
16218,30,7,3084.68,344,440.6685714285714,3
16221,37,3,864.86,331,288.2866666666667,2
16222,318,1,846.72,1,846.72,0
16224,57,4,1295.3,193,323.825,2
16225,45,5,1096.32,233,219.26399999999998,2
16226,203,3,255.12,33,85.04,1
16227,225,1,314.22,1,314.22,0
16229,87,2,1010.6,126,505.3,2
16230,190,2,542.03,31,271.015,2
16232,44,4,990.88,172,247.72,2
16233,71,3,536.6800000000001,296,178.89333333333335,2
16235,41,4,857.31,292,214.3275,2
16236,78,1,432.2,1,432.2,0
16239,57,2,414.2,133,207.1,2
16240,24,2,3718.8,54,1859.4,3
16241,10,13,2607.87,361,200.6053846153846,3
16242,8,7,3603.21,269,514.7442857142858,3
16243,34,2,409.1,22,204.55,2
16244,212,2,1522.75,161,761.375,2
16245,24,3,1413.66,234,471.22,2
16247,170,1,114.56,1,114.56,1
16248,62,1,152.94,1,152.94,1
16249,53,5,1800.07,187,360.014,2
16250,261,2,389.44,113,194.72,2
16253,67,2,3683.86,189,1841.93,3
16255,17,8,2619.91,349,327.48875,3
16256,267,1,752.4300000000001,1,752.4300000000001,0
16257,177,1,46.95,1,46.95,1
16258,45,5,5203.51,174,1040.702,3
16260,51,1,1035.45,1,1035.45,0
16261,17,4,746.83,229,186.7075,2
16265,9,9,5447.0,356,605.2222222222222,3
16266,74,7,861.89,133,123.12714285714286,2
16268,71,2,667.65,1,333.825,0
16270,353,1,1141.24,1,1141.24,0
16271,3,5,1429.24,356,285.848,3
16272,117,1,411.7,1,411.7,0
16274,373,1,337.75,1,337.75,0
16275,197,1,559.87,1,559.87,0
16276,177,1,810.6000000000001,1,810.6000000000001,0
16278,100,1,566.38,1,566.38,0
16279,21,3,1509.58,156,503.1933333333333,2
16281,72,1,2062.06,1,2062.06,0
16282,340,1,168.3,1,168.3,1
16283,6,5,1569.11,203,313.822,3
16284,31,2,823.97,20,411.985,2
16287,170,1,142.5,1,142.5,1
16292,122,1,302.25,1,302.25,0
16293,22,10,2248.9900000000002,346,224.89900000000003,3
16295,10,4,1328.55,55,332.1375,2
16297,269,1,301.9,1,301.9,0
16298,23,3,598.2,165,199.4,2
16302,127,1,233.22,1,233.22,1
16303,26,3,5360.63,308,1786.8766666666668,3
16305,139,1,361.21999999999997,1,361.21999999999997,0
16306,214,6,632.27,154,105.37833333333333,2
16308,38,4,2560.0,224,640.0,3
16309,106,2,706.57,135,353.285,2
16311,18,2,616.26,32,308.13,2
16313,3,2,274.15000000000003,47,137.07500000000002,2
16315,331,1,226.37,1,226.37,1
16316,64,8,2938.91,294,367.36375,3
16317,120,3,1341.65,178,447.2166666666667,2
16318,35,1,328.15,1,328.15,0
16319,218,1,404.40000000000003,1,404.40000000000003,0
16320,172,2,1038.46,41,519.23,2
16321,72,5,373.65000000000003,252,74.73,2
16322,1,2,326.75,36,163.375,2
16323,196,1,207.50000000000003,1,207.50000000000003,1
16324,128,3,428.68,49,142.89333333333335,2
16325,47,3,594.24,199,198.08,2
16326,6,14,3110.96,329,222.21142857142857,3
16327,14,6,3813.62,356,635.6033333333334,3
16330,18,3,251.91,95,83.97,2
16332,28,7,1593.2,278,227.6,2
16333,8,22,26626.8,303,1210.3090909090909,3
16337,37,1,151.05,1,151.05,1
16338,157,1,214.79999999999998,1,214.79999999999998,1
16339,284,1,109.95,1,109.95,1
16340,107,1,549.07,1,549.07,0
16341,25,4,1971.87,177,492.9675,2
16342,75,4,322.41,105,80.6025,2
16343,16,2,370.47999999999996,1,185.23999999999998,1
16344,158,1,101.10000000000001,1,101.10000000000001,1
16345,44,1,575.41,1,575.41,0
16347,11,2,887.65,26,443.825,2
16348,32,7,1467.11,208,209.58714285714285,2
16349,291,1,53.5,1,53.5,1
16350,21,4,1116.47,313,279.1175,2
16351,333,1,153.9,1,153.9,1
16352,18,2,494.44,21,247.22,2
16353,4,23,6675.71,367,290.24826086956523,3
16354,63,2,395.8,10,197.9,1
16356,198,3,211.77,80,70.59,1
16357,33,3,658.88,181,219.62666666666667,2
16358,1,4,2027.5,184,506.875,3
16359,7,9,1750.92,325,194.54666666666668,3
16360,5,6,3512.53,84,585.4216666666667,3
16361,10,4,896.66,62,224.165,2
16362,32,5,734.77,59,146.954,2
16363,53,1,109.36000000000001,1,109.36000000000001,1
16364,12,2,707.04,126,353.52,2
16365,18,9,1540.42,350,171.1577777777778,3
16366,19,1,327.3,1,327.3,0
16367,37,2,804.49,326,402.245,2
16368,2,2,497.43,26,248.715,2
16369,18,3,1551.58,179,517.1933333333333,2
16370,82,4,1320.56,143,330.14,2
16372,33,2,367.93,1,183.965,1
16374,66,2,465.08,197,232.54,2
16376,9,2,987.01,9,493.505,2
16377,267,1,676.2,1,676.2,0
16378,247,3,362.95,64,120.98333333333333,2
16379,4,4,2157.4,75,539.35,3
16380,61,1,1780.59,1,1780.59,0
16383,75,2,668.36,194,334.18,2
16384,90,2,584.5,175,292.25,2
16385,60,3,555.89,307,185.29666666666665,2
16386,29,2,317.2,226,158.6,2
16387,323,1,94.36,1,94.36,1
16389,53,4,1382.07,230,345.5175,2
16392,270,1,221.19,1,221.19,1
16393,2,13,3046.21,367,234.32384615384615,3
16394,57,5,1555.34,233,311.068,2
16395,61,5,1486.9,271,297.38,2
16398,154,2,1705.8,100,852.9,2
16399,19,2,406.77,217,203.385,2
16400,95,1,303.93,1,303.93,0
16401,1,12,4098.32,327,341.52666666666664,3
16402,265,2,299.6,105,149.8,2
16403,312,1,177.5,1,177.5,1
16404,70,1,443.05,1,443.05,0
16405,302,2,167.25,8,83.625,1
16406,19,1,163.07,1,163.07,1
16407,13,10,2126.93,300,212.69299999999998,3
16409,36,5,2028.88,282,405.776,2
16411,19,2,214.65,350,107.325,2
16412,54,1,151.83,1,151.83,1
16413,57,1,262.2,1,262.2,0
16414,22,2,126.25,259,63.125,2
16415,44,1,210.35,1,210.35,1
16416,27,3,1051.4,30,350.4666666666667,2
16418,45,3,675.27,182,225.09,2
16419,113,6,972.23,200,162.03833333333333,2
16422,17,51,34684.4,352,680.086274509804,3
16423,25,1,346.12,1,346.12,0
16424,191,1,133.56,1,133.56,1
16425,302,1,302.7,1,302.7,0
16426,2,10,1908.25,274,190.825,3
16427,263,2,241.06,22,120.53,1
16429,106,1,284.55,1,284.55,0
16430,57,1,300.85,1,300.85,0
16431,213,3,642.81,85,214.26999999999998,2
16432,64,1,287.4,1,287.4,0
16433,28,1,184.26,1,184.26,1
16434,29,7,1522.25,271,217.46428571428572,2
16438,6,5,798.35,77,159.67000000000002,2
16440,8,5,3640.67,207,728.134,3
16441,67,2,381.2,225,190.6,2
16442,2,3,616.79,360,205.59666666666666,2
16444,46,4,654.67,219,163.6675,2
16445,34,1,230.51,1,230.51,1
16446,206,1,2.9,1,2.9,1
16447,136,1,259.01,1,259.01,0
16448,198,1,188.89000000000001,1,188.89000000000001,1
16449,198,2,707.69,83,353.845,2
16450,150,1,311.92,1,311.92,0
16451,88,1,266.97,1,266.97,0
16454,64,1,5.9,1,5.9,1
16455,64,7,1841.18,308,263.0257142857143,2
16456,99,5,2158.37,274,431.674,2
16457,218,1,208.36,1,208.36,1
16458,3,18,3482.7400000000002,358,193.48555555555558,3
16460,28,3,814.72,54,271.5733333333333,2
16461,178,1,151.42,1,151.42,1
16462,74,3,136.0,211,45.333333333333336,1
16463,21,4,1422.4,183,355.6,2
16464,20,3,1314.68,123,438.2266666666667,2
16466,34,7,1603.46,259,229.06571428571428,2
16468,74,1,74.9,1,74.9,1
16469,24,4,650.43,223,162.6075,2
16470,52,4,762.39,308,190.5975,2
16471,275,1,223.95000000000002,1,223.95000000000002,1
16473,165,3,316.11,172,105.37,2
16474,7,7,1871.3400000000001,138,267.3342857142857,3
16475,88,4,544.3,186,136.075,2
16477,64,7,2494.46,308,356.3514285714286,3
16478,25,3,331.0,41,110.33333333333333,2
16479,10,2,300.83,1,150.415,1
16480,76,1,769.29,1,769.29,0
16482,16,1,220.62,1,220.62,1
16483,192,1,139.35,1,139.35,1
16484,174,2,404.3,18,202.15,1
16485,77,1,363.65,1,363.65,0
16488,33,3,498.8,116,166.26666666666668,2
16491,47,1,731.5,1,731.5,0
16493,80,4,1351.63,251,337.9075,2
16494,297,1,826.53,1,826.53,0
16495,3,3,684.41,273,228.13666666666666,2
16496,9,3,1599.52,309,533.1733333333333,3
16497,50,6,2965.69,284,494.2816666666667,3
16498,161,2,100.97,1,50.485,1
16499,360,2,365.45,5,182.725,1
16500,5,6,400.86,327,66.81,2
16503,107,4,1431.93,254,357.9825,2
16504,25,1,484.38,1,484.38,0
16505,32,1,777.6,1,777.6,0
16506,20,2,90.30000000000001,21,45.150000000000006,1
16509,297,1,363.7,1,363.7,0
16510,372,1,248.1,1,248.1,1
16511,22,3,948.26,245,316.08666666666664,2
16513,5,4,874.59,39,218.6475,2
16515,52,5,1627.13,260,325.42600000000004,2
16516,30,1,101.69999999999999,1,101.69999999999999,1
16517,277,1,162.7,1,162.7,1
16518,61,2,484.32,223,242.16,2
16519,25,2,212.98,341,106.49,2
16520,186,3,1046.57,180,348.8566666666666,2
16523,2,21,9418.470000000001,314,448.4985714285715,3
16525,2,26,13027.45,365,501.0557692307693,3
16526,172,1,290.36,1,290.36,0
16527,81,1,228.06,1,228.06,1
16528,4,1,244.41,1,244.41,0
16529,190,1,455.25,1,455.25,0
16531,22,7,1244.59,339,177.79857142857142,2
16532,18,3,6748.8,321,2249.6,3
16533,19,3,1095.56,49,365.18666666666667,2
16535,5,1,593.75,1,593.75,0
16536,110,1,548.97,1,548.97,0
16539,3,4,1388.81,371,347.2025,3
16542,54,1,119.62,1,119.62,1
16545,165,1,339.3,1,339.3,0
16546,291,2,787.15,82,393.575,2
16549,10,10,4154.64,325,415.46400000000006,3
16550,109,5,2298.97,260,459.794,2
16551,96,3,922.12,241,307.37333333333333,2
16552,243,2,379.73,131,189.865,2
16553,163,12,5719.82,198,476.65166666666664,3
16554,42,3,837.1,290,279.03333333333336,2
16555,35,2,285.89,75,142.945,2
16556,67,7,3313.79,294,473.3985714285714,3
16557,24,2,281.85,114,140.925,2
16558,1,20,8338.49,366,416.92449999999997,3
16560,27,2,841.41,332,420.705,2
16561,6,2,511.12,55,255.56,2
16563,54,1,1077.74,1,1077.74,0
16565,364,1,173.7,1,173.7,1
16566,15,5,614.66,278,122.93199999999999,2
16567,194,2,865.6,143,432.8,2
16569,3,1,124.2,1,124.2,1
16570,15,10,3738.4,297,373.84000000000003,3
16571,27,3,1421.69,256,473.8966666666667,2
16572,127,3,1009.6,149,336.53333333333336,2
16573,85,2,663.61,206,331.805,2
16574,71,1,451.44,1,451.44,0
16581,183,1,105.84,1,105.84,1
16582,113,1,313.62,1,313.62,0
16583,374,1,233.45,1,233.45,1
16584,80,2,936.08,175,468.04,2
16586,249,1,463.95,1,463.95,0
16587,232,1,225.15,1,225.15,1
16589,71,3,459.24,91,153.08,2
16591,69,1,213.5,1,213.5,1
16592,4,16,4113.68,284,257.105,3
16593,51,3,330.03,278,110.00999999999999,2
16594,75,1,181.09,1,181.09,1
16595,61,1,360.16,1,360.16,0
16596,16,2,250.15,351,125.075,2
16597,4,1,90.04,1,90.04,1
16598,286,1,145.04999999999998,1,145.04999999999998,1
16600,4,6,813.52,335,135.58666666666667,2
16601,41,1,243.63,1,243.63,1
16602,36,1,528.08,1,528.08,0
16603,75,2,482.47,17,241.235,2
16607,18,14,3347.71,342,239.12214285714285,3
16609,15,7,5493.46,238,784.78,3
16610,219,1,75.66,1,75.66,1
16611,186,1,129.49,1,129.49,1
16612,33,4,1187.66,279,296.915,2
16613,70,1,618.59,1,618.59,0
16614,183,1,506.19,1,506.19,0
16616,15,2,500.42,143,250.21,2
16617,236,1,151.85,1,151.85,1
16618,31,5,2647.59,292,529.518,3
16619,264,1,226.21,1,226.21,1
16620,4,2,178.96,258,89.48,2
16621,52,4,813.48,227,203.37,2
16623,246,1,129.45,1,129.45,1
16624,81,2,810.5699999999999,117,405.28499999999997,2
16625,275,1,333.08,1,333.08,0
16626,1,17,4413.1,266,259.59411764705885,3
16627,79,1,322.8,1,322.8,0
16628,30,5,2188.05,206,437.61,3
16629,74,2,417.73,23,208.865,2
16633,17,6,2883.1,217,480.51666666666665,3
16634,223,2,217.9,150,108.95,2
16637,32,4,1154.47,194,288.6175,2
16638,23,10,1680.72,347,168.072,3
16639,31,3,1257.51,205,419.17,2
16641,106,1,231.10000000000002,1,231.10000000000002,1
16642,5,2,688.33,203,344.165,2
16643,246,1,487.51,1,487.51,0
16644,178,2,833.78,35,416.89,2
16647,170,2,214.06,36,107.03,1
16648,43,1,290.65999999999997,1,290.65999999999997,0
16650,72,1,518.42,1,518.42,0
16652,59,7,6773.97,215,967.71,3
16653,16,2,1212.66,56,606.33,2
16654,141,4,601.27,228,150.3175,2
16655,18,6,3794.52,315,632.42,3
16656,22,15,8625.8,343,575.0533333333333,3
16657,10,4,933.62,245,233.405,2
16658,368,1,123.24,1,123.24,1
16659,189,1,39.12,1,39.12,1
16660,16,4,1267.6499999999999,304,316.91249999999997,2
16665,362,1,135.39999999999998,1,135.39999999999998,1
16666,19,1,118.98,1,118.98,1
16667,68,2,570.13,217,285.065,2
16668,15,6,306.71999999999997,270,51.12,2
16669,24,2,1370.47,55,685.235,2
16670,17,11,4095.9,342,372.3545454545455,3
16671,28,3,1692.27,137,564.09,2
16672,2,20,8134.9400000000005,265,406.747,3
16674,55,2,319.61,44,159.805,2
16676,34,4,1592.1200000000001,304,398.03000000000003,2
16678,3,12,3109.99,281,259.1658333333333,3
16679,366,1,129.75,1,129.75,1
16680,43,1,183.7,1,183.7,1
16681,73,6,1770.34,181,295.0566666666667,2
16682,5,5,1028.0,184,205.6,2
16684,4,28,66653.56,354,2380.4842857142858,3
16685,61,2,324.24,1,162.12,1
16686,47,7,3062.83,308,437.54714285714283,3
16688,1,4,1260.86,60,315.215,3
16689,76,2,422.59999999999997,7,211.29999999999998,1
16690,72,2,225.57999999999998,130,112.78999999999999,2
16692,256,2,1126.0,33,563.0,0
16693,69,2,482.01,204,241.005,2
16696,135,4,657.9000000000001,113,164.47500000000002,2
16697,241,1,112.75,1,112.75,1
16698,227,2,1998.0,27,999.0,0
16700,9,13,5076.55,358,390.50384615384615,3
16701,9,13,5398.3,353,415.25384615384615,3
16705,1,20,14034.99,359,701.7495,3
16706,37,3,531.35,77,177.11666666666667,2
16708,46,1,656.63,1,656.63,0
16709,85,5,3029.87,198,605.9739999999999,3
16710,19,10,2483.04,350,248.304,3
16711,3,5,1651.03,355,330.206,3
16712,9,11,3637.78,267,330.70727272727277,3
16713,19,15,6923.13,348,461.54200000000003,3
16714,219,3,1161.53,99,387.1766666666667,2
16715,78,1,301.71999999999997,1,301.71999999999997,0
16716,267,2,901.2,45,450.6,2
16717,24,6,3858.38,343,643.0633333333334,3
16718,369,1,623.75,1,623.75,0
16719,15,7,1790.42,354,255.77428571428572,3
16720,26,1,155.24,1,155.24,1
16721,262,1,292.47,1,292.47,0
16722,17,13,4730.81,352,363.90846153846155,3
16723,91,2,589.15,17,294.575,2
16725,302,6,779.57,70,129.92833333333334,2
16726,26,5,1382.02,336,276.404,2
16727,364,1,272.82,1,272.82,0
16728,46,4,1054.67,219,263.6675,2
16729,38,21,7236.6,204,344.6,3
16730,52,3,743.11,268,247.70333333333335,2
16732,32,1,603.75,1,603.75,0
16734,52,3,650.51,62,216.83666666666667,2
16735,79,5,2300.56,256,460.11199999999997,2
16737,53,1,417.59999999999997,1,417.59999999999997,0
16738,298,1,3.75,1,3.75,1
16739,177,1,323.0,1,323.0,0
16743,29,7,2238.09,330,319.7271428571429,3
16744,11,7,1304.76,162,186.3942857142857,3
16745,87,17,7194.3,226,423.1941176470588,3
16746,5,18,6697.66,355,372.09222222222223,3
16747,38,2,836.06,31,418.03,2
16748,18,5,1515.9,317,303.18,2
16750,45,5,623.93,188,124.78599999999999,2
16751,31,1,1764.72,1,1764.72,0
16752,373,1,207.5,1,207.5,1
16753,58,1,223.92000000000002,1,223.92000000000002,1
16754,372,1,2002.4,1,2002.4,0
16755,114,3,1496.83,202,498.9433333333333,2
16756,215,1,239.4,1,239.4,1
16757,319,1,106.83000000000001,1,106.83000000000001,1
16758,65,1,369.34000000000003,1,369.34000000000003,0
16759,8,3,789.79,24,263.2633333333333,2
16761,97,1,316.62,1,316.62,0
16762,20,3,1501.38,125,500.46000000000004,2
16763,199,1,611.85,1,611.85,0
16764,4,13,2799.25,140,215.32692307692307,3
16765,294,1,34.0,1,34.0,1
16766,273,2,1145.6,1,572.8,0
16767,31,11,5580.6,286,507.32727272727277,3
16768,48,3,478.09000000000003,225,159.36333333333334,2
16769,260,1,380.39,1,380.39,0
16770,58,5,770.1,315,154.02,2
16771,33,5,2234.81,305,446.962,3
16773,57,1,171.59,1,171.59,1
16774,68,4,661.52,111,165.38,2
16775,10,11,1695.66,358,154.1509090909091,3
16776,60,1,388.28,1,388.28,0
16777,80,2,226.35,177,113.175,2
16778,74,2,245.94,200,122.97,2
16779,2,22,10629.720000000001,365,483.169090909091,3
16780,100,2,425.19,159,212.595,2
16781,372,1,311.25,1,311.25,0
16782,10,13,2279.9,356,175.37692307692308,3
16784,20,1,107.6,1,107.6,1
16788,123,2,595.83,132,297.915,2
16789,8,1,80.8,1,80.8,1
16790,4,6,1545.6200000000001,35,257.60333333333335,3
16791,29,7,1709.03,304,244.14714285714285,3
16792,282,2,110.38000000000001,1,55.190000000000005,1
16793,57,1,243.84,1,243.84,1
16794,1,10,1220.69,180,122.069,3
16795,365,1,414.88,1,414.88,0
16796,89,1,305.62,1,305.62,0
16800,11,1,1201.49,1,1201.49,0
16801,163,4,1619.73,111,404.9325,2
16803,65,1,332.3,1,332.3,0
16804,23,3,536.99,248,178.99666666666667,2
16805,174,2,460.59,187,230.295,2
16806,103,4,775.54,136,193.885,2
16807,143,3,1121.59,129,373.8633333333333,2
16808,99,2,288.42,176,144.21,2
16809,23,5,914.69,240,182.93800000000002,2
16810,192,1,309.54,1,309.54,0
16811,5,2,547.07,13,273.535,2
16812,361,1,479.35,1,479.35,0
16813,8,10,1692.98,197,169.298,3
16814,14,21,6499.2,356,309.48571428571427,3
16816,103,4,417.06,255,104.265,2
16817,3,9,1604.75,366,178.30555555555554,3
16818,11,11,3349.57,195,304.50636363636363,3
16820,96,1,497.61,1,497.61,0
16823,227,1,358.38,1,358.38,0
16824,16,2,460.64,149,230.32,2
16825,39,2,775.1800000000001,148,387.59000000000003,2
16826,51,1,341.7,1,341.7,0
16828,112,1,113.5,1,113.5,1
16829,157,1,197.22,1,197.22,1
16830,39,1,325.91,1,325.91,0
16832,184,3,199.15,34,66.38333333333334,1
16833,1,4,1106.53,334,276.6325,3
16834,228,1,413.46,1,413.46,0
16835,128,2,180.85,245,90.425,2
16836,40,2,251.87,77,125.935,2
16837,31,11,3170.98,215,288.2709090909091,3
16838,197,2,588.85,91,294.425,2
16839,9,34,16594.35,361,488.06911764705876,3
16841,37,6,1869.82,251,311.63666666666666,2
16842,101,3,1264.19,202,421.3966666666667,2
16843,43,16,10196.57,285,637.285625,3
16846,50,1,214.32,1,214.32,1
16847,43,1,193.44,1,193.44,1
16848,53,1,281.42,1,281.42,0
16849,187,1,124.57,1,124.57,1
16850,334,1,332.41,1,332.41,0
16851,4,3,342.45,48,114.14999999999999,2
16852,10,2,144.91000000000003,166,72.45500000000001,2
16855,24,2,328.4,20,164.2,2
16856,15,1,35.400000000000006,1,35.400000000000006,1
16858,369,1,375.69000000000005,1,375.69000000000005,0
16859,145,2,747.81,117,373.905,2
16861,60,2,173.76,99,86.88,1
16863,31,2,502.8,336,251.4,2
16866,141,3,207.73999999999998,21,69.24666666666666,1
16869,23,4,825.42,153,206.355,2
16871,22,6,2812.34,249,468.72333333333336,3
16872,77,3,680.02,108,226.67333333333332,2
16873,5,6,7123.62,360,1187.27,3
16875,67,5,2095.53,273,419.10600000000005,2
16877,12,6,853.72,196,142.28666666666666,2
16878,84,1,13.3,1,13.3,1
16880,31,7,1519.08,159,217.01142857142855,2
16881,67,1,432.0,1,432.0,0
16882,67,3,705.12,251,235.04,2
16883,187,2,276.73,185,138.365,2
16884,38,2,429.84000000000003,1,214.92000000000002,0
16885,15,3,471.51,342,157.17,2
16887,35,1,194.88,1,194.88,1
16889,195,3,1578.67,143,526.2233333333334,2
16891,2,5,809.7,370,161.94,3
16892,1,5,525.54,183,105.10799999999999,2
16893,367,1,145.93,1,145.93,1
16895,65,1,219.14,1,219.14,1
16897,299,2,289.78,15,144.89,1
16898,26,3,508.81,343,169.60333333333332,2
16899,8,6,1281.56,353,213.59333333333333,3
16900,17,3,882.16,47,294.05333333333334,2
16902,116,1,1706.88,1,1706.88,0
16903,29,1,373.24,1,373.24,0
16904,4,16,3750.4700000000003,363,234.40437500000002,3
16905,5,7,3102.43,367,443.2042857142857,3
16906,82,4,579.77,167,144.9425,2
16907,29,5,981.65,337,196.32999999999998,2
16909,72,1,379.14,1,379.14,0
16910,4,8,1510.06,87,188.7575,3
16912,29,11,2575.38,295,234.12545454545455,3
16913,290,1,113.44,1,113.44,1
16914,36,1,208.46,1,208.46,1
16915,9,6,621.6800000000001,275,103.61333333333334,2
16916,24,2,576.26,349,288.13,2
16917,277,1,391.52,1,391.52,0
16918,50,6,1068.82,268,178.13666666666666,2
16919,156,11,2596.45,213,236.04090909090908,2
16921,61,1,169.79,1,169.79,1
16923,12,19,7247.61,351,381.4531578947368,3
16924,21,3,846.75,63,282.25,2
16926,371,1,230.25,1,230.25,1
16927,116,3,543.05,246,181.01666666666665,2
16928,80,17,2839.65,293,167.03823529411764,3
16929,4,7,1295.39,152,185.0557142857143,3
16930,26,3,380.55,43,126.85000000000001,2
16931,5,21,4604.22,365,219.24857142857144,3
16932,53,1,161.94,1,161.94,1
16933,1,2,563.23,238,281.615,2
16934,55,2,950.9300000000001,1,475.46500000000003,0
16936,26,1,262.68,1,262.68,0
16938,9,4,2736.38,301,684.095,3
16940,52,3,3049.88,238,1016.6266666666667,3
16942,13,9,1920.59,216,213.39888888888888,3
16943,212,3,816.73,107,272.24333333333334,2
16945,22,19,4345.5,337,228.71052631578948,3
16947,236,1,406.48,1,406.48,0
16948,139,3,435.02,188,145.00666666666666,2
16949,4,6,1286.27,313,214.37833333333333,3
16950,57,3,1178.56,311,392.8533333333333,2
16951,135,3,1277.75,170,425.9166666666667,2
16952,109,2,167.61,1,83.805,1
16953,30,1,20.8,1,20.8,1
16954,1,9,2085.08,359,231.67555555555555,3
16955,185,4,518.67,189,129.6675,2
16956,18,1,308.74,1,308.74,0
16957,239,2,416.64,43,208.32,2
16959,87,1,117.35000000000001,1,117.35000000000001,1
16960,39,3,505.1,214,168.36666666666667,2
16961,116,1,234.17,1,234.17,1
16963,187,1,110.55000000000001,1,110.55000000000001,1
16965,227,1,192.07,1,192.07,1
16966,8,7,2154.97,232,307.8528571428571,3
16967,189,1,319.02,1,319.02,0
16968,4,2,439.43,104,219.715,2
16969,39,3,650.41,153,216.8033333333333,2
16971,38,1,357.21,1,357.21,0
16976,267,1,251.51999999999998,1,251.51999999999998,1
16978,78,1,344.33,1,344.33,0
16979,4,6,1852.0,295,308.6666666666667,3
16980,255,2,1078.96,37,539.48,0
16982,61,1,384.06,1,384.06,0
16983,13,7,1931.25,357,275.89285714285717,3
16984,88,2,4481.35,42,2240.675,0
16985,17,10,5464.12,342,546.412,3
16986,30,2,1873.2,1,936.6,0
16987,3,7,1625.05,203,232.15,3
16988,5,1,126.12,1,126.12,1
16989,7,6,1133.25,144,188.875,3
16990,219,1,179.0,1,179.0,1
16992,11,5,1614.31,275,322.86199999999997,3
16996,30,6,1456.96,324,242.82666666666668,2
16997,288,3,702.0,38,234.0,2
16998,150,4,295.0,155,73.75,2
16999,23,2,484.82,51,242.41,2
17001,1,11,3989.57,359,362.6881818181818,3
17002,86,3,1493.73,206,497.91,2
17004,46,2,1412.94,47,706.47,2
17006,5,4,781.78,71,195.445,2
17007,51,6,889.9300000000001,307,148.3216666666667,2
17010,18,1,195.36,1,195.36,1
17011,30,1,270.9,1,270.9,0
17014,8,3,586.33,59,195.44333333333336,2
17015,29,3,1842.56,157,614.1866666666666,2
17017,3,20,8694.26,370,434.713,3
17018,41,2,920.1,286,460.05,2
17019,11,4,1272.61,358,318.1525,2
17022,31,1,71.0,1,71.0,1
17024,45,3,95.85,113,31.95,1
17025,61,3,357.77,313,119.25666666666666,2
17026,185,2,154.82999999999998,185,77.41499999999999,1
17027,79,6,890.29,239,148.38166666666666,2
17029,111,2,716.0,127,358.0,2
17030,64,1,146.87,1,146.87,1
17031,12,2,380.35,144,190.175,2
17033,86,3,1030.14,274,343.38000000000005,2
17034,16,3,745.52,272,248.50666666666666,2
17035,246,2,433.53000000000003,66,216.76500000000001,2
17037,88,1,1267.32,1,1267.32,0
17038,30,1,112.4,1,112.4,1
17040,138,1,449.73,1,449.73,0
17041,27,3,1081.57,334,360.5233333333333,2
17042,3,5,1044.3799999999999,245,208.87599999999998,3
17043,32,4,1735.18,235,433.795,2
17044,25,1,948.48,1,948.48,0
17045,113,3,339.44,135,113.14666666666666,2
17046,157,1,642.02,1,642.02,0
17047,85,3,1100.9,120,366.9666666666667,2
17048,118,3,925.35,214,308.45,2
17049,3,9,5659.9800000000005,274,628.8866666666668,3
17050,96,6,3228.84,204,538.14,3
17051,194,1,247.14000000000001,1,247.14000000000001,1
17052,28,1,413.75,1,413.75,0
17053,131,1,498.48,1,498.48,0
17054,28,5,1356.33,217,271.26599999999996,2
17058,82,3,1179.89,159,393.2966666666667,2
17059,30,5,3095.04,340,619.008,3
17060,266,1,234.24,1,234.24,1
17061,74,11,5232.2300000000005,159,475.65727272727275,3
17062,314,4,533.33,56,133.3325,2
17063,21,7,1461.14,269,208.73428571428573,2
17064,59,3,859.35,269,286.45,2
17068,12,21,4545.89,356,216.47095238095238,3
17069,28,9,2709.7000000000003,346,301.0777777777778,3
17070,114,1,312.14,1,312.14,0
17071,28,9,2429.03,282,269.89222222222224,3
17073,18,4,1444.84,92,361.21,2
17075,18,4,834.12,300,208.53,2
17076,36,3,841.0799999999999,329,280.35999999999996,2
17078,36,2,375.86,1,187.93,1
17079,78,1,118.80000000000001,1,118.80000000000001,1
17080,22,2,287.62,248,143.81,2
17081,25,2,290.16,21,145.08,2
17082,33,2,2003.85,286,1001.925,2
17083,109,3,1405.78,195,468.5933333333333,2
17084,35,2,2949.75,1,1474.875,0
17085,123,5,1566.65,240,313.33000000000004,2
17086,7,6,2050.08,57,341.68,3
17088,28,4,1991.01,226,497.7525,2
17090,4,7,2043.95,350,291.99285714285713,3
17091,3,9,3827.76,366,425.3066666666667,3
17092,50,4,1777.78,228,444.445,2
17094,322,1,302.0,1,302.0,0
17095,23,3,1324.16,313,441.3866666666667,2
17096,15,4,1022.13,247,255.5325,2
17097,2,8,954.42,364,119.3025,3
17100,18,2,971.74,1,485.87,0
17101,10,4,1621.73,168,405.4325,3
17102,262,1,25.5,1,25.5,1
17105,159,2,665.78,148,332.89,2
17107,33,6,10815.43,245,1802.5716666666667,3
17109,29,6,885.04,204,147.50666666666666,2
17110,165,1,163.29999999999998,1,163.29999999999998,1
17111,47,1,248.61,1,248.61,0
17114,6,8,808.62,330,101.0775,2
17115,8,3,837.5,225,279.1666666666667,2
17117,288,1,116.19999999999999,1,116.19999999999999,1
17118,318,1,157.02,1,157.02,1
17119,3,2,606.91,57,303.455,2
17120,233,1,307.46,1,307.46,0
17122,119,1,138.32,1,138.32,1
17123,162,1,345.29999999999995,1,345.29999999999995,0
17124,185,1,298.89,1,298.89,0
17125,50,1,259.35,1,259.35,0
17126,152,5,1004.75,211,200.95,2
17128,335,1,157.09,1,157.09,1
17131,5,5,2463.17,71,492.634,3
17133,16,7,4892.240000000001,251,698.8914285714287,3
17134,107,2,425.0,158,212.5,2
17135,16,7,1139.73,356,162.81857142857143,2
17138,276,1,380.5,1,380.5,0
17139,16,12,10668.47,274,889.0391666666666,3
17140,247,1,465.32,1,465.32,0
17142,239,1,579.0,1,579.0,0
17144,1,2,984.57,84,492.285,3
17146,106,3,749.78,254,249.92666666666665,2
17147,23,4,1714.59,290,428.6475,2
17148,52,1,124.88,1,124.88,1
17152,195,3,1689.5,69,563.1666666666666,2
17153,24,1,213.78,1,213.78,1
17154,75,1,329.34,1,329.34,0
17155,18,2,251.70000000000002,161,125.85000000000001,2
17157,8,2,319.0,169,159.5,2
17158,32,3,1266.97,329,422.3233333333333,2
17159,22,3,1538.88,151,512.96,2
17160,31,6,3518.03,211,586.3383333333334,3
17162,29,10,1715.46,277,171.546,3
17163,22,2,293.1,57,146.55,2
17164,33,7,2467.35,241,352.4785714285714,3
17165,284,1,158.68,1,158.68,1
17166,39,2,206.34,166,103.17,2
17169,58,2,835.78,126,417.89,2
17171,289,1,224.91,1,224.91,1
17172,79,1,317.76,1,317.76,0
17173,5,8,3766.6,126,470.825,3
17174,218,1,59.9,1,59.9,1
17175,44,4,1443.69,253,360.9225,2
17176,202,1,306.13,1,306.13,0
17179,178,3,711.79,184,237.26333333333332,2
17180,56,4,796.03,260,199.0075,2
17181,57,2,239.92000000000002,317,119.96000000000001,2
17183,8,6,3347.31,98,557.885,3
17186,47,2,144.0,14,72.0,1
17187,227,1,203.95,1,203.95,1
17188,11,7,2474.23,352,353.4614285714286,3
17189,106,2,384.40000000000003,254,192.20000000000002,2
17190,59,2,444.74,149,222.37,2
17191,28,7,2095.13,341,299.30428571428575,3
17193,36,7,1699.3000000000002,142,242.7571428571429,2
17194,361,1,226.78,1,226.78,1
17197,30,1,1013.01,1,1013.01,0
17198,24,3,692.22,348,230.74,2
17201,54,1,342.63,1,342.63,0
17203,36,6,3563.85,25,593.975,3
17204,175,4,1564.56,89,391.14,2
17205,54,1,384.08,1,384.08,0
17206,53,1,204.24,1,204.24,1
17211,27,8,2317.2200000000003,343,289.65250000000003,3
17212,253,1,226.85,1,226.85,1
17213,40,7,2781.23,327,397.31857142857143,3
17214,60,6,1069.1200000000001,299,178.1866666666667,2
17217,234,1,113.5,1,113.5,1
17218,4,10,1960.72,364,196.072,3
17219,32,1,114.23,1,114.23,1
17220,24,14,3198.25,340,228.44642857142858,3
17221,7,2,335.13,29,167.565,2
17222,65,1,354.15,1,354.15,0
17223,310,2,391.79,59,195.895,2
17226,309,1,393.49,1,393.49,0
17227,19,6,939.32,350,156.55333333333334,2
17228,16,8,1906.09,357,238.26125,3
17229,96,2,318.76,47,159.38,2
17230,264,8,3638.41,96,454.80125,2
17231,12,10,3174.32,350,317.432,3
17232,3,2,421.52,12,210.76,2
17233,35,1,190.88,1,190.88,1
17234,183,1,149.89000000000001,1,149.89000000000001,1
17235,25,2,550.06,348,275.03,2
17236,13,6,916.13,351,152.68833333333333,2
17237,11,2,314.69,12,157.345,2
17238,3,17,3744.65,369,220.2735294117647,3
17239,313,1,382.5,1,382.5,0
17242,108,2,1135.04,73,567.52,2
17243,1,26,8668.45,369,333.4019230769231,3
17244,53,1,954.9,1,954.9,0
17245,205,1,171.45,1,171.45,1
17247,15,1,282.19,1,282.19,0
17248,120,1,318.65,1,318.65,0
17250,4,2,384.52,258,192.26,2
17251,363,1,283.28000000000003,1,283.28000000000003,0
17252,117,2,353.86,70,176.93,2
17253,18,1,178.26,1,178.26,1
17254,5,2,272.44,11,136.22,2
17255,41,2,298.41,259,149.205,2
17256,107,2,240.0,205,120.0,2
17259,148,2,603.37,221,301.685,2
17262,52,5,1253.3600000000001,314,250.67200000000003,2
17263,208,1,63.440000000000005,1,63.440000000000005,1
17265,139,2,562.9,42,281.45,2
17266,2,3,310.64,146,103.54666666666667,2
17267,127,2,317.62,1,158.81,1
17268,108,4,763.64,138,190.91,2
17272,42,4,2148.63,221,537.1575,2
17274,35,1,111.97999999999999,1,111.97999999999999,1
17277,228,2,1065.3500000000001,96,532.6750000000001,2
17278,241,1,246.04,1,246.04,1
17279,58,1,187.82999999999998,1,187.82999999999998,1
17282,130,3,1703.41,170,567.8033333333334,2
17284,60,6,1652.58,277,275.43,2
17286,22,1,153.92,1,153.92,1
17287,26,7,1064.11,347,152.01571428571427,2
17288,9,7,1419.73,350,202.81857142857143,3
17289,32,3,944.41,149,314.80333333333334,2
17290,4,2,525.24,13,262.62,2
17291,308,1,550.8000000000001,1,550.8000000000001,0
17293,8,9,1875.1100000000001,353,208.34555555555556,3
17295,29,3,556.95,36,185.65,2
17297,17,1,131.78,1,131.78,1
17298,101,2,498.42,24,249.21,2
17299,12,4,669.11,162,167.2775,2
17301,21,1,197.63,1,197.63,1
17302,15,5,1135.63,291,227.12600000000003,2
17303,361,1,250.04,1,250.04,1
17306,11,19,8631.31,343,454.2794736842105,3
17309,95,1,82.75,1,82.75,1
17311,78,2,1384.85,239,692.425,2
17312,139,3,644.3,21,214.76666666666665,2
17313,31,1,2328.84,1,2328.84,0
17314,25,8,2527.92,288,315.99,3
17315,2,36,6252.18,356,173.67166666666668,3
17317,46,3,2600.34,44,866.7800000000001,2
17320,100,3,1200.6200000000001,268,400.2066666666667,2
17321,8,2,700.86,60,350.43,2
17323,15,7,917.67,278,131.09571428571428,2
17324,18,4,990.23,349,247.5575,2
17325,280,1,96.8,1,96.8,1
17329,14,2,523.11,301,261.555,2
17330,23,2,363.9,45,181.95,2
17331,124,1,175.2,1,175.2,1
17333,86,1,494.25,1,494.25,0
17334,302,2,307.02,7,153.51,1
17337,151,4,2026.42,159,506.605,2
17338,17,8,6635.14,345,829.3925,3
17339,94,2,243.36,271,121.68,2
17340,30,11,12353.29,337,1123.0263636363636,3
17341,157,3,781.36,210,260.4533333333333,2
17343,355,1,193.64,1,193.64,1
17344,46,1,160.57,1,160.57,1
17345,15,4,537.74,182,134.435,2
17346,4,15,2676.56,370,178.43733333333333,3
17347,86,1,228.96,1,228.96,1
17348,15,5,1159.52,284,231.904,2
17349,179,1,110.75,1,110.75,1
17350,8,4,1286.07,43,321.5175,2
17351,36,3,587.15,238,195.71666666666667,2
17353,129,2,1740.0,26,870.0,0
17354,51,1,1393.06,1,1393.06,0
17356,312,1,178.22,1,178.22,1
17357,24,2,388.14,1,194.07,1
17358,303,2,365.85,53,182.925,2
17359,11,1,127.86,1,127.86,1
17360,17,3,585.79,167,195.26333333333332,2
17361,49,3,488.2,243,162.73333333333332,2
17362,239,2,312.23,71,156.115,2
17364,1,11,4481.18,331,407.38000000000005,3
17365,13,8,4796.52,321,599.565,3
17367,238,1,168.4,1,168.4,1
17368,23,8,1912.67,315,239.08375,3
17370,73,4,446.18,97,111.545,2
17371,17,3,423.89,344,141.29666666666665,2
17372,41,8,1342.68,322,167.835,2
17373,40,4,646.92,273,161.73,2
17374,219,2,495.77,63,247.885,2
17375,199,3,400.1,163,133.36666666666667,2
17376,71,2,203.2,241,101.6,2
17377,24,20,4100.92,350,205.046,3
17379,11,1,404.66,1,404.66,0
17381,9,29,20275.61,364,699.1589655172414,3
17382,65,1,65.4,1,65.4,1
17383,4,1,199.29,1,199.29,1
17384,19,2,336.4,200,168.2,2
17385,15,1,261.11,1,261.11,0
17386,8,6,2686.42,158,447.7366666666667,3
17387,20,2,784.11,14,392.055,2
17388,78,4,1259.56,210,314.89,2
17389,1,34,31833.68,331,936.2847058823529,3
17391,164,2,508.8,1,254.4,0
17392,307,2,451.91,52,225.955,2
17394,219,1,203.86999999999998,1,203.86999999999998,1
17396,39,7,7312.8,333,1044.6857142857143,3
17397,22,2,696.41,1,348.205,0
17398,115,3,653.38,141,217.79333333333332,2
17400,126,5,2129.96,227,425.992,2
17402,5,12,2598.85,365,216.57083333333333,3
17403,36,1,281.62,1,281.62,0
17404,4,13,31781.82,357,2444.7553846153846,3
17405,1,3,1031.41,150,343.80333333333334,3
17406,333,3,2200.42,34,733.4733333333334,0
17408,163,1,32.65,1,32.65,1
17409,185,2,771.85,64,385.925,2
17410,16,5,1214.72,200,242.94400000000002,2
17411,12,3,778.94,250,259.6466666666667,2
17412,3,7,1258.06,370,179.72285714285712,3
17414,44,2,778.0,142,389.0,2
17415,80,1,507.84,1,507.84,0
17416,30,7,6893.42,252,984.7742857142857,3
17418,42,2,463.46000000000004,282,231.73000000000002,2
17419,11,12,4226.57,356,352.21416666666664,3
17420,50,3,598.83,324,199.61,2
17422,16,6,1979.37,280,329.895,3
17423,46,2,698.41,172,349.205,2
17425,19,2,759.17,42,379.585,2
17426,8,6,5037.26,275,839.5433333333334,3
17427,72,1,100.8,1,100.8,1
17428,1,28,17256.85,369,616.3160714285714,3
17429,128,3,524.9200000000001,91,174.97333333333336,2
17430,33,2,265.76,333,132.88,2
17431,313,1,403.3,1,403.3,0
17432,18,2,365.76,20,182.88,2
17433,88,1,303.15999999999997,1,303.15999999999997,0
17434,2,7,2373.82,83,339.1171428571429,3
17436,2,2,216.29999999999998,226,108.14999999999999,2
17438,254,1,388.45000000000005,1,388.45000000000005,0
17440,157,3,186.42000000000002,91,62.14000000000001,1
17442,37,6,2248.56,254,374.76,3
17443,220,1,534.24,1,534.24,0
17444,152,2,2389.1,22,1194.55,0
17446,177,2,120.9,134,60.45,1
17447,40,2,541.53,32,270.765,2
17449,2,7,2517.86,358,359.69428571428574,3
17450,8,46,194550.79,360,4229.365,3
17451,1,7,1721.4,105,245.91428571428574,3
17453,18,2,486.71999999999997,47,243.35999999999999,2
17454,192,4,517.53,168,129.3825,2
17455,204,1,131.7,1,131.7,1
17456,365,1,249.86,1,249.86,1
17457,127,5,1737.7,213,347.54,2
17458,15,1,316.5,1,316.5,0
17459,43,2,657.3,17,328.65,2
17460,94,6,622.4300000000001,279,103.73833333333334,2
17461,23,3,757.46,7,252.48666666666668,2
17462,60,2,675.69,224,337.845,2
17463,16,5,1896.41,297,379.28200000000004,3
17464,158,1,289.96000000000004,1,289.96000000000004,0
17466,10,2,763.28,69,381.64,2
17468,10,2,137.0,5,68.5,1
17469,16,5,1870.97,189,374.194,3
17470,45,5,1125.07,324,225.01399999999998,2
17472,191,3,710.29,109,236.76333333333332,2
17475,79,1,194.37,1,194.37,1
17480,78,1,511.82,1,511.82,0
17481,4,4,1255.59,91,313.8975,3
17483,65,3,414.04,118,138.01333333333335,2
17486,261,1,396.87,1,396.87,0
17489,59,2,376.64,154,188.32,2
17490,1,7,2092.32,176,298.90285714285716,3
17491,1,10,3558.87,367,355.887,3
17492,248,1,374.57,1,374.57,0
17495,8,2,497.56,32,248.78,2
17496,359,1,271.05,1,271.05,0
17498,76,1,272.22,1,272.22,0
17499,290,1,622.88,1,622.88,0
17500,17,3,1138.0,13,379.3333333333333,2
17501,221,2,288.6,1,144.3,1
17502,9,4,689.1,20,172.275,2
17503,3,2,558.96,36,279.48,2
17504,206,9,2997.0299999999997,117,333.00333333333333,2
17505,162,2,1145.84,45,572.92,2
17506,76,1,302.2,1,302.2,0
17507,262,2,605.58,48,302.79,2
17508,281,1,387.31,1,387.31,0
17509,58,8,6115.14,6,764.3925,3
17510,25,1,308.48,1,308.48,0
17511,3,31,91062.38,371,2937.496129032258,3
17512,29,10,2924.9900000000002,273,292.499,3
17513,72,1,513.2,1,513.2,0
17514,128,1,208.65,1,208.65,1
17515,31,4,639.02,287,159.755,2
17516,15,5,768.08,271,153.616,2
17517,309,1,153.94,1,153.94,1
17519,17,6,1844.02,352,307.33666666666664,3
17520,54,1,546.81,1,546.81,0
17521,30,3,723.2099999999999,170,241.06999999999996,2
17522,2,5,1066.15,217,213.23000000000002,3
17523,11,4,652.74,8,163.185,2
17524,361,1,145.0,1,145.0,1
17525,360,1,422.70000000000005,1,422.70000000000005,0
17526,5,4,1195.8999999999999,361,298.97499999999997,3
17527,54,4,939.37,165,234.8425,2
17528,1,8,3628.5,71,453.5625,3
17530,1,10,2380.41,364,238.041,3
17531,190,1,296.7,1,296.7,0
17534,54,1,223.36,1,223.36,1
17535,280,1,164.4,1,164.4,1
17536,177,1,76.5,1,76.5,1
17537,30,2,897.62,274,448.81,2
17538,26,1,98.42,1,98.42,1
17540,25,2,578.9,292,289.45,2
17542,270,1,170.75,1,170.75,1
17545,43,3,645.96,1,215.32000000000002,0
17548,234,1,103.3,1,103.3,1
17549,24,2,148.86,28,74.43,1
17550,197,3,267.16,46,89.05333333333334,1
17551,359,1,306.84,1,306.84,0
17552,60,4,930.41,312,232.6025,2
17553,130,1,1487.6,1,1487.6,0
17554,1,5,1952.45,147,390.49,3
17555,20,2,483.26,315,241.63,2
17556,206,1,157.9,1,157.9,1
17557,14,3,541.46,67,180.48666666666668,2
17560,95,4,854.95,216,213.7375,2
17561,19,1,167.62,1,167.62,1
17562,14,7,1122.38,160,160.34,2
17564,24,3,454.01,56,151.33666666666667,2
17566,8,2,901.21,18,450.605,2
17567,7,8,4331.48,366,541.435,3
17569,332,1,344.14,1,344.14,0
17571,50,4,1497.26,249,374.315,2
17572,71,4,226.75000000000003,303,56.68750000000001,2
17573,29,3,380.6,65,126.86666666666667,2
17574,243,1,185.65,1,185.65,1
17576,8,19,3622.68,358,190.66736842105263,3
17578,218,1,143.45999999999998,1,143.45999999999998,1
17579,5,3,448.90000000000003,175,149.63333333333335,2
17580,253,3,212.77,106,70.92333333333333,1
17581,1,25,11045.04,372,441.8016,3
17582,236,1,175.27,1,175.27,1
17584,7,2,1242.3,121,621.15,2
17585,109,4,1133.07,229,283.2675,2
17588,100,3,1240.2,133,413.40000000000003,2
17589,60,4,2402.92,181,600.73,2
17590,2,3,1477.97,38,492.6566666666667,3
17591,73,7,2225.9700000000003,294,317.9957142857143,2
17593,4,5,3927.34,350,785.4680000000001,3
17594,85,2,993.18,170,496.59,2
17595,12,2,388.79,25,194.395,2
17596,23,7,2827.93,346,403.98999999999995,3
17597,214,1,2044.3700000000001,1,2044.3700000000001,0
17600,18,1,161.67000000000002,1,161.67000000000002,1
17601,239,1,116.00999999999999,1,116.00999999999999,1
17602,2,6,5102.97,322,850.495,3
17603,78,1,394.72,1,394.72,0
17604,217,2,309.36,95,154.68,2
17608,33,2,193.42,1,96.71,1
17609,41,5,1104.72,287,220.94400000000002,2
17611,7,15,3984.22,354,265.61466666666666,3
17612,53,6,2048.45,245,341.4083333333333,2
17613,23,14,4559.150000000001,283,325.65357142857147,3
17614,57,1,390.07,1,390.07,0
17615,130,3,329.6,92,109.86666666666667,2
17616,174,3,571.1999999999999,195,190.39999999999998,2
17618,6,3,971.58,357,323.86,2
17619,312,1,218.52,1,218.52,1
17620,60,1,81.44,1,81.44,1
17621,21,3,1379.9,334,459.9666666666667,2
17623,33,1,527.0500000000001,1,527.0500000000001,0
17624,15,2,843.48,204,421.74,2
17625,18,4,2047.0,240,511.75,3
17628,81,1,75.75,1,75.75,1
17629,6,8,1814.12,355,226.765,3
17630,170,2,503.59999999999997,63,251.79999999999998,2
17631,2,3,528.33,231,176.11,2
17633,31,4,1324.84,89,331.21,2
17634,36,9,2361.9700000000003,302,262.4411111111111,3
17636,19,1,285.56,1,285.56,0
17637,31,2,547.0600000000001,84,273.53000000000003,2
17639,276,1,108.5,1,108.5,1
17640,87,1,621.66,1,621.66,0
17642,120,2,712.29,57,356.145,2
17643,373,1,101.55,1,101.55,1
17644,1,11,2895.64,260,263.24,3
17646,219,3,1008.39,146,336.13,2
17647,65,1,133.06,1,133.06,1
17648,61,4,1797.5,189,449.375,2
17649,138,1,868.49,1,868.49,0
17650,21,1,166.08,1,166.08,1
17651,12,10,3945.0,166,394.5,3
17652,25,12,4867.72,256,405.6433333333334,3
17653,37,4,1207.56,84,301.89,2
17654,277,1,117.55,1,117.55,1
17655,11,7,2638.94,356,376.99142857142857,3
17656,73,5,1674.69,56,334.938,2
17658,26,2,595.42,186,297.71,2
17659,17,12,2999.46,355,249.955,3
17660,141,1,196.0,1,196.0,1
17663,26,7,1802.91,262,257.55857142857144,3
17664,19,2,604.64,194,302.32,2
17666,4,2,728.16,62,364.08,2
17667,66,5,2055.51,233,411.10200000000003,2
17668,1,2,347.75,37,173.875,2
17669,43,7,3406.7200000000003,207,486.67428571428576,3
17670,228,1,205.7,1,205.7,1
17671,16,4,1572.71,350,393.1775,2
17672,50,2,3178.17,260,1589.085,3
17673,2,6,1629.12,319,271.52,3
17674,74,2,551.04,295,275.52,2
17675,1,31,20374.28,367,657.2348387096774,3
17676,4,6,1387.68,363,231.28,3
17677,2,30,16363.23,368,545.441,3
17678,264,1,298.11,1,298.11,0
17679,53,2,1992.1100000000001,33,996.0550000000001,0
17680,24,1,184.4,1,184.4,1
17682,10,6,2474.33,359,412.3883333333333,3
17684,44,1,239.41,1,239.41,1
17685,17,7,3191.53,356,455.9328571428572,3
17686,7,7,5739.46,296,819.9228571428572,3
17690,30,15,4757.95,343,317.19666666666666,3
17691,358,2,290.40000000000003,11,145.20000000000002,1
17692,127,4,725.5799999999999,233,181.39499999999998,2
17693,137,1,200.47,1,200.47,1
17694,142,1,283.12,1,283.12,0
17695,132,2,765.34,40,382.67,2
17696,38,8,2285.71,327,285.71375,3
17697,236,1,338.95,1,338.95,0
17698,261,1,154.95,1,154.95,1
17700,17,4,2534.64,265,633.66,3
17701,253,1,417.95,1,417.95,0
17702,30,4,1824.37,176,456.0925,2
17703,35,3,798.74,104,266.24666666666667,2
17704,169,2,885.19,72,442.595,2
17705,3,9,1823.52,299,202.61333333333334,3
17706,4,17,10504.49,363,617.9111764705882,3
17707,185,2,152.4,152,76.2,1
17708,188,2,267.08,138,133.54,2
17709,170,1,137.45,1,137.45,1
17711,11,2,385.1,280,192.55,2
17712,45,1,522.91,1,522.91,0
17714,321,1,153.0,1,153.0,1
17715,201,1,326.4,1,326.4,0
17716,23,11,5655.99,246,514.180909090909,3
17718,232,1,139.35,1,139.35,1
17719,38,15,5396.04,218,359.736,3
17720,26,4,1195.94,342,298.985,2
17722,96,4,2424.04,271,606.01,2
17723,127,6,3276.4000000000005,88,546.0666666666667,2
17724,71,3,1033.0,68,344.3333333333333,2
17725,16,11,3439.08,251,312.64363636363635,3
17727,15,1,1060.25,1,1060.25,0
17728,4,3,2876.01,83,958.6700000000001,3
17730,3,13,5298.4800000000005,324,407.5753846153847,3
17731,79,4,1240.11,105,310.0275,2
17732,373,1,303.97,1,303.97,0
17733,39,2,692.19,223,346.095,2
17734,54,3,700.63,181,233.54333333333332,2
17735,2,19,13110.02,366,690.001052631579,3
17736,9,3,377.44,105,125.81333333333333,2
17737,9,2,168.24,50,84.12,2
17738,19,4,1879.05,263,469.7625,3
17739,12,7,2791.35,349,398.7642857142857,3
17742,113,2,355.11,220,177.555,2
17744,4,6,2322.4,355,387.06666666666666,3
17746,240,1,110.25,1,110.25,1
17747,113,1,71.4,1,71.4,1
17749,178,2,674.52,79,337.26,2
17750,5,9,1781.28,159,197.92,3
17752,359,1,80.64,1,80.64,1
17754,1,5,1772.26,260,354.452,3
17757,1,30,5601.34,371,186.71133333333333,3
17758,19,8,3456.7000000000003,231,432.08750000000003,3
17759,17,3,833.74,153,277.91333333333336,2
17760,22,2,287.59,352,143.795,2
17761,33,1,712.78,1,712.78,0
17763,263,1,15.0,1,15.0,1
17764,51,2,818.8199999999999,161,409.40999999999997,2
17765,159,3,371.88,99,123.96,2
17767,15,1,271.2,1,271.2,0
17768,8,3,2273.1800000000003,158,757.7266666666668,3
17769,13,10,3997.98,309,399.798,3
17770,199,5,1143.27,84,228.654,2
17771,57,2,245.33,267,122.665,2
17772,11,2,182.77,1,91.385,1
17774,97,4,1225.41,209,306.3525,2
17775,255,1,56.4,1,56.4,1
17777,25,3,665.86,76,221.95333333333335,2
17779,21,3,658.57,123,219.52333333333334,2
17781,159,2,188.02,94,94.01,1
17783,72,2,283.47,176,141.735,2
17785,53,1,131.94,1,131.94,1
17786,85,2,278.74,232,139.37,2
17787,153,4,1865.19,219,466.2975,2
17788,74,2,1112.95,56,556.475,2
17789,281,1,225.9,1,225.9,1
17790,27,14,1965.55,339,140.39642857142857,3
17791,30,1,106.1,1,106.1,1
17793,25,1,323.04,1,323.04,0
17795,180,2,350.39,86,175.195,2
17796,40,4,697.9,330,174.475,2
17797,22,3,780.43,161,260.1433333333333,2
17799,22,10,3055.93,340,305.59299999999996,3
17800,37,9,1198.01,297,133.11222222222221,2
17802,82,3,1285.04,291,428.34666666666664,2
17805,74,1,512.31,1,512.31,0
17806,11,1,546.04,1,546.04,0
17809,16,12,5411.91,358,450.9925,3
17811,4,39,7831.03,330,200.79564102564103,3
17812,13,4,732.16,356,183.04,2
17813,14,5,1770.8799999999999,58,354.176,3
17816,37,4,36.56,329,9.14,1
17817,4,3,387.68,273,129.22666666666666,2
17819,72,7,3704.87,300,529.2671428571429,3
17824,51,1,298.4,1,298.4,0
17827,5,5,1995.46,360,399.092,3
17828,23,4,1165.09,163,291.2725,2
17829,299,1,889.24,1,889.24,0
17830,2,3,398.7,288,132.9,2
17831,33,1,35.400000000000006,1,35.400000000000006,1
17832,50,1,155.37,1,155.37,1
17835,3,3,350.64,21,116.88,2
17836,47,1,109.83,1,109.83,1
17837,42,8,1587.48,121,198.435,2
17838,27,5,2779.3,346,555.86,3
17839,42,1,338.8,1,338.8,0
17841,2,124,40967.72,372,330.3848387096774,3
17843,303,1,197.73,1,197.73,1
17844,107,1,51.559999999999995,1,51.559999999999995,1
17848,81,9,901.1999999999999,277,100.13333333333333,2
17849,218,4,605.8000000000001,116,151.45000000000002,2
17850,372,34,5391.21,2,158.565,3
17852,12,2,114.34,1,57.17,1
17854,185,2,311.26,42,155.63,1
17855,373,1,208.97,1,208.97,1
17856,2,4,1418.03,280,354.5075,3
17857,4,22,25301.54,362,1150.07,3
17858,6,12,5155.66,364,429.6383333333333,3
17859,305,1,148.21,1,148.21,1
17860,369,1,252.8,1,252.8,1
17861,3,8,2100.8,317,262.6,3
17862,324,1,330.9,1,330.9,0
17863,59,6,3160.0,311,526.6666666666666,3
17864,13,3,597.5,263,199.16666666666666,2
17865,31,20,10524.220000000001,334,526.211,3
17866,143,1,329.65,1,329.65,0
17867,30,6,1197.1000000000001,259,199.51666666666668,2
17869,107,5,428.18,261,85.636,2
17870,2,12,1894.35,365,157.86249999999998,3
17871,205,1,155.9,1,155.9,1
17873,80,5,1729.7800000000002,294,345.956,2
17874,185,6,683.46,71,113.91000000000001,2
17877,170,1,237.61,1,237.61,1
17878,44,1,379.45,1,379.45,0
17879,174,1,178.51999999999998,1,178.51999999999998,1
17880,365,1,458.92,1,458.92,0
17881,304,1,133.35000000000002,1,133.35000000000002,1
17883,3,4,671.77,243,167.9425,2
17884,4,4,717.45,368,179.3625,2
17885,12,1,190.19,1,190.19,1
17886,32,3,899.61,218,299.87,2
17887,129,1,111.35,1,111.35,1
17888,21,8,726.05,336,90.75625,2
17889,212,2,203.87,110,101.935,1
17890,323,2,602.09,39,301.045,2
17891,162,1,203.85999999999999,1,203.85999999999999,1
17892,56,3,244.1,100,81.36666666666666,2
17893,225,1,112.25,1,112.25,1
17894,72,8,1119.39,295,139.92375,2
17895,44,1,98.0,1,98.0,1
17896,23,1,256.32,1,256.32,0
17897,173,3,566.6,201,188.86666666666667,2
17898,85,2,152.06,122,76.03,1
17899,159,1,155.8,1,155.8,1
17900,190,2,112.19999999999999,1,56.099999999999994,1
17901,29,1,110.38,1,110.38,1
17904,21,1,191.67,1,191.67,1
17905,71,4,800.24,303,200.06,2
17906,247,1,72.9,1,72.9,1
17908,374,1,243.28,1,243.28,1
17911,9,1,366.23,1,366.23,0
17912,310,5,311.01,55,62.202,1
17913,59,2,411.6,297,205.8,2
17914,4,1,336.43,1,336.43,0
17917,45,3,341.28,318,113.75999999999999,2
17919,88,1,1304.04,1,1304.04,0
17920,4,17,4192.2,370,246.6,3
17921,64,4,826.52,203,206.63,2
17923,282,1,207.50000000000003,1,207.50000000000003,1
17924,12,7,2962.5,362,423.2142857142857,3
17925,373,1,244.08,1,244.08,1
17926,133,2,397.29,71,198.645,2
17928,45,2,184.46,201,92.23,2
17929,11,4,843.0,298,210.75,2
17930,36,5,1740.48,204,348.096,2
17931,134,2,408.36,122,204.18,2
17932,29,3,1331.57,183,443.8566666666666,2
17934,52,2,704.25,8,352.125,0
17935,138,2,142.89,4,71.445,1
17936,5,1,389.84,1,389.84,0
17937,9,7,4301.22,354,614.46,3
17939,160,1,99.14,1,99.14,1
17940,49,9,2238.58,254,248.7311111111111,3
17941,131,1,304.56,1,304.56,0
17942,8,1,77.50000000000001,1,77.50000000000001,1
17946,233,2,149.57999999999998,27,74.78999999999999,1
17947,37,1,176.68,1,176.68,1
17948,147,1,358.56000000000006,1,358.56000000000006,0
17949,1,44,58030.48,371,1318.8745454545456,3
17950,72,3,482.2,294,160.73333333333332,2
17951,40,3,1008.5400000000001,334,336.18,2
17954,5,12,2332.72,366,194.39333333333332,3
17955,199,4,557.3,21,139.325,2
17956,249,1,12.75,1,12.75,1
17957,66,1,110.72,1,110.72,1
17958,117,1,508.4599999999999,1,508.4599999999999,0
17960,171,1,73.78,1,73.78,1
17961,21,39,1296.44,351,33.242051282051285,3
17962,142,1,102.83,1,102.83,1
17964,32,2,471.7,341,235.85,2
17965,38,14,2622.57,332,187.32642857142858,3
17966,38,5,1098.43,224,219.686,2
17967,372,1,123.07,1,123.07,1
17968,374,1,277.35,1,277.35,0
17969,166,2,228.2,195,114.1,2
17970,211,1,582.59,1,582.59,0
17972,242,1,136.04,1,136.04,1
17973,52,1,337.04,1,337.04,0
17974,25,3,740.79,195,246.92999999999998,2
17975,15,13,4485.51,352,345.0392307692308,3
17976,372,1,353.19,1,353.19,0
17977,29,1,288.14,1,288.14,0
17978,365,1,300.91999999999996,1,300.91999999999996,0
17979,36,4,754.31,225,188.5775,2
17980,166,3,811.45,194,270.48333333333335,2
17984,145,1,152.68,1,152.68,1
17985,22,1,634.95,1,634.95,0
17986,56,1,20.8,1,20.8,1
17987,185,1,198.57,1,198.57,1
17988,12,7,201.12,315,28.731428571428573,2
17990,237,3,630.84,125,210.28,2
17991,225,2,93.35,1,46.675,1
17994,122,4,678.49,170,169.6225,2
17995,282,1,76.1,1,76.1,1
17997,74,8,1970.6699999999998,90,246.33374999999998,2
17999,37,2,382.06,330,191.03,2
18001,12,2,417.23,75,208.615,2
18004,362,1,169.47,1,169.47,1
18005,4,2,249.72,44,124.86,2
18006,23,1,444.68,1,444.68,0
18008,70,9,2116.19,249,235.13222222222223,2
18009,235,1,257.34,1,257.34,0
18010,257,1,174.8,1,174.8,1
18011,373,1,102.78999999999999,1,102.78999999999999,1
18013,155,2,187.29,1,93.645,1
18014,28,1,158.47,1,158.47,1
18015,4,1,120.03,1,120.03,1
18016,32,5,1483.56,332,296.712,2
18017,81,3,523.0,230,174.33333333333334,2
18018,108,2,122.14,92,61.07,1
18019,52,1,38.45,1,38.45,1
18022,36,1,668.11,1,668.11,0
18024,153,2,389.78,1,194.89,1
18027,99,1,115.31,1,115.31,1
18030,4,2,230.64999999999998,39,115.32499999999999,2
18032,334,1,73.5,1,73.5,1
18033,65,1,97.97,1,97.97,1
18034,22,2,422.88,1,211.44,0
18035,36,3,730.4,8,243.46666666666667,2
18036,32,3,405.62,214,135.20666666666668,2
18037,154,6,70.02,208,11.67,1
18040,19,2,357.20000000000005,227,178.60000000000002,2
18041,12,21,4183.39,362,199.20904761904762,3
18042,54,1,165.04999999999998,1,165.04999999999998,1
18043,25,3,559.51,343,186.50333333333333,2
18044,4,10,2088.6,357,208.85999999999999,3
18045,45,1,189.4,1,189.4,1
18048,203,2,172.29000000000002,1,86.14500000000001,1
18050,359,1,74.4,1,74.4,1
18053,71,1,300.02,1,300.02,0
18055,7,10,6784.1900000000005,363,678.4190000000001,3
18056,288,1,363.65,1,363.65,0
18058,10,1,170.16,1,170.16,1
18059,23,3,306.46,45,102.15333333333332,2
18061,22,10,2119.41,345,211.94099999999997,3
18062,173,3,720.52,165,240.17333333333332,2
18064,133,2,814.0,103,407.0,2
18065,6,14,2392.83,359,170.91642857142855,3
18066,75,1,318.0,1,318.0,0
18067,40,1,396.33,1,396.33,0
18068,289,1,101.69999999999999,1,101.69999999999999,1
18069,26,5,2036.67,302,407.334,3
18071,258,2,453.0,109,226.5,2
18072,186,1,247.44,1,247.44,1
18073,114,12,3877.5200000000004,83,323.1266666666667,3
18074,374,1,489.6,1,489.6,0
18075,23,10,2611.75,338,261.175,3
18077,8,11,2633.0099999999998,359,239.36454545454544,3
18078,217,2,336.13,42,168.065,2
18079,45,4,3651.97,194,912.9925,3
18080,19,2,1231.5,224,615.75,2
18081,36,3,343.45,98,114.48333333333333,2
18082,26,1,703.37,1,703.37,0
18084,16,1,90.47999999999999,1,90.47999999999999,1
18085,330,2,689.95,44,344.975,2
18086,274,1,101.34,1,101.34,1
18087,291,1,3202.9199999999996,1,3202.9199999999996,0
18088,61,1,167.67000000000002,1,167.67000000000002,1
18092,2,11,9068.26,364,824.3872727272727,3
18093,93,4,2106.52,210,526.63,2
18094,82,7,3017.3,211,431.04285714285714,3
18095,313,2,580.0500000000001,21,290.02500000000003,0
18096,12,3,911.15,53,303.71666666666664,2
18097,8,6,2697.8,347,449.6333333333334,3
18099,127,1,168.31,1,168.31,1
18101,11,2,223.65,133,111.825,2
18102,1,60,259657.3,367,4327.621666666667,3
18104,37,1,754.64,1,754.64,0
18105,38,1,113.48000000000002,1,113.48000000000002,1
18106,330,1,430.7,1,430.7,0
18108,254,1,271.0,1,271.0,0
18109,2,26,8052.97,369,309.7296153846154,3
18110,20,1,236.3,1,236.3,1
18112,12,2,352.69,155,176.345,2
18113,369,1,76.32000000000001,1,76.32000000000001,1
18114,290,1,220.1,1,220.1,1
18116,68,8,1414.43,297,176.80375,2
18117,26,1,319.47,1,319.47,0
18118,11,26,5651.42,359,217.3623076923077,3
18119,368,1,181.12,1,181.12,1
18120,214,1,111.15,1,111.15,1
18121,149,2,673.1,6,336.55,0
18122,8,6,1824.99,143,304.165,3
18123,24,2,589.4399999999999,8,294.71999999999997,2
18125,30,4,1142.99,287,285.7475,2
18126,61,1,204.49,1,204.49,1
18127,19,3,348.73,115,116.24333333333334,2
18129,243,1,112.55000000000001,1,112.55000000000001,1
18130,15,3,1059.39,42,353.13000000000005,2
18133,212,1,931.4999999999999,1,931.4999999999999,0
18135,29,5,681.9100000000001,162,136.382,2
18136,63,3,784.33,257,261.4433333333333,2
18138,295,1,152.65,1,152.65,1
18139,18,6,8438.34,1,1406.39,3
18142,157,2,1019.52,59,509.76,2
18143,117,2,1000.16,26,500.08,0
18144,8,12,2888.75,366,240.72916666666666,3
18145,13,4,2861.55,300,715.3875,3
18146,141,2,160.35000000000002,80,80.17500000000001,1
18147,46,2,179.33999999999997,63,89.66999999999999,1
18149,51,3,612.0799999999999,223,204.02666666666664,2
18150,32,3,566.58,170,188.86,2
18151,135,2,653.35,156,326.675,2
18154,3,2,399.19,41,199.595,2
18155,75,3,371.62,217,123.87333333333333,2
18156,13,2,734.94,357,367.47,2
18158,9,2,453.4,80,226.7,2
18159,301,1,530.15,1,530.15,0
18160,57,2,638.0600000000001,144,319.03000000000003,2
18161,15,5,1618.69,305,323.738,3
18164,37,1,399.65000000000003,1,399.65000000000003,0
18165,177,1,302.46000000000004,1,302.46000000000004,0
18167,23,3,1384.8600000000001,83,461.62000000000006,2
18168,176,6,1169.94,197,194.99,2
18169,61,1,202.65,1,202.65,1
18170,33,3,980.31,184,326.77,2
18171,59,5,1231.31,275,246.262,2
18172,15,20,7561.68,276,378.084,3
18173,87,4,2106.84,188,526.71,2
18174,7,1,104.0,1,104.0,1
18176,358,1,476.35,1,476.35,0
18177,31,6,1341.42,225,223.57000000000002,2
18178,129,4,1590.81,236,397.7025,2
18179,9,6,1793.17,328,298.8616666666667,3
18180,5,6,1843.75,138,307.2916666666667,3
18181,24,1,382.8,1,382.8,0
18183,227,2,632.07,48,316.035,2
18184,15,1,49.8,1,49.8,1
18185,249,1,304.25,1,304.25,0
18188,15,3,2001.04,276,667.0133333333333,3
18189,78,2,1090.24,191,545.12,2
18190,192,2,284.46000000000004,139,142.23000000000002,2
18191,262,1,207.79999999999998,1,207.79999999999998,1
18192,72,1,957.97,1,957.97,0
18193,165,1,243.76,1,243.76,1
18194,82,1,973.8399999999999,1,973.8399999999999,0
18196,95,2,689.13,196,344.565,2
18198,4,17,5425.56,333,319.15058823529415,3
18200,106,1,163.8,1,163.8,1
18202,200,3,1396.99,112,465.66333333333336,2
18203,157,1,160.42000000000002,1,160.42000000000002,1
18204,71,3,1993.7,122,664.5666666666667,2
18205,36,2,517.36,39,258.68,2
18209,29,1,139.10000000000002,1,139.10000000000002,1
18210,2,6,2621.38,266,436.8966666666667,3
18211,26,5,600.07,253,120.01400000000001,2
18212,326,1,248.42,1,248.42,1
18213,237,1,232.48000000000002,1,232.48000000000002,1
18215,89,1,299.34000000000003,1,299.34000000000003,0
18216,31,1,481.75,1,481.75,0
18217,29,2,621.75,42,310.875,2
18218,211,2,662.08,71,331.04,2
18219,3,10,2069.77,367,206.977,3
18220,227,1,305.28000000000003,1,305.28000000000003,0
18221,22,5,1041.61,190,208.32199999999997,2
18222,93,1,443.0,1,443.0,0
18223,5,14,6484.54,354,463.18142857142857,3
18224,264,1,158.95000000000002,1,158.95000000000002,1
18225,3,12,5509.12,362,459.0933333333333,3
18226,44,11,5228.05,294,475.27727272727276,3
18227,218,1,93.75,1,93.75,1
18228,57,2,779.9,23,389.95,2
18229,12,20,7276.900000000001,362,363.845,3
18230,9,7,2810.2000000000003,294,401.4571428571429,3
18231,192,5,2083.27,97,416.654,2
18232,82,4,592.97,116,148.2425,2
18233,326,1,440.0,1,440.0,0
18235,72,3,1796.48,146,598.8266666666667,2
18236,30,6,882.24,211,147.04,2
18237,3,5,987.1,132,197.42000000000002,3
18239,219,5,1561.6100000000001,154,312.322,2
18240,46,1,422.58,1,422.58,0
18241,10,17,2073.09,209,121.9464705882353,3
18242,72,4,2232.4900000000002,142,558.1225000000001,2
18245,7,7,2567.06,348,366.72285714285715,3
18246,24,2,596.1,210,298.05,2
18248,123,2,804.02,64,402.01,2
18249,17,1,95.34,1,95.34,1
18250,310,1,349.27,1,349.27,0
18251,87,1,4314.72,1,4314.72,0
18252,51,2,526.67,122,263.335,2
18255,89,1,103.3,1,103.3,1
18257,39,8,2337.63,257,292.20375,3
18259,25,3,2338.6000000000004,342,779.5333333333334,3
18260,173,6,2643.2000000000003,186,440.53333333333336,2
18261,43,2,324.24,53,162.12,2
18262,140,1,149.48,1,149.48,1
18263,26,3,1213.1599999999999,227,404.3866666666666,2
18265,72,2,801.51,86,400.755,2
18268,134,1,25.5,1,25.5,1
18269,366,1,168.6,1,168.6,1
18270,38,2,283.15,229,141.575,2
18272,3,6,3078.58,245,513.0966666666667,3
18273,2,3,204.0,256,68.0,2
18274,30,1,175.92,1,175.92,1
18276,44,1,335.86,1,335.86,0
18277,58,1,110.38,1,110.38,1
18278,74,1,173.9,1,173.9,1
18280,278,1,180.60000000000002,1,180.60000000000002,1
18281,181,1,80.82,1,80.82,1
18282,8,2,178.05,119,89.025,2
18283,4,16,2088.93,334,130.558125,3
18287,43,3,1837.28,159,612.4266666666666,2
